id,demand_for_prison,country_first_letter,lat,lng,date
1645,279825,E,51.5039908342,-0.128353981949,2016-01-01
1681,117485,E,51.5016044564,0.0156334357991,2016-01-01
1646,105129,E,51.5938566152,-0.124662166941,2016-01-01
1607,97559,E,51.50620052,-0.272360479532,2016-01-01
1644,89302,E,51.4141234786,-0.132026716931,2016-01-01
936,75330,E,53.4963172007,-2.30294545339,2016-01-01
992,70865,E,53.4966045076,-2.15220801073,2016-01-01
1682,70749,E,51.5914625883,0.0196088523702,2016-01-01
1098,65204,E,52.50780437,-1.85409576979,2016-01-01
1567,58391,E,51.5082334614,-0.4163845927,2016-01-01
720,57409,E,53.4033937705,-2.90393274831,2016-01-01
1274,55856,E,53.405309983,-1.39979699965,2016-01-01
1223,53641,E,53.7654907598,-1.54637690938,2016-01-01
1608,53379,E,51.5960733844,-0.268952397227,2016-01-01
805,52162,E,51.4275848935,-2.57672646699,2016-01-01
1680,46172,E,51.41174472,0.0116785622944,2016-01-01
1366,45341,E,52.954030266,-1.10836235601,2016-01-01
993,45259,E,53.5864876137,-2.15253132116,2016-01-01
1337,44681,E,54.5727534441,-1.22809181429,2016-01-01
1168,44144,E,53.7659684299,-1.69807500107,2016-01-01
666,43173,E,53.402160291,-3.05431807536,2016-01-01
991,43073,E,53.4067200394,-2.15188643826,2016-01-01
599,40748,W,51.5132387774,-3.15423645729,2016-01-01
1040,38071,E,52.5078939712,-2.00142969505,2016-01-01
935,37461,E,53.4064336673,-2.30230597367,2016-01-01
1592,37263,E,53.7547618958,-0.333128511937,2016-01-01
1714,36319,E,51.5888913609,0.163859187656,2016-01-01
1606,35568,E,51.4163261087,-0.275750946075,2016-01-01
1236,34552,E,54.9337795223,-1.53333236652,2016-01-01
1246,33874,E,50.8881083367,-1.4327042479,2016-01-01
883,33260,E,53.5857204277,-2.45464197619,2016-01-01
1713,32956,E,51.4990414433,0.159600310688,2016-01-01
1362,32433,E,52.594493131,-1.11567693115,2016-01-01
1181,30961,E,54.934278082,-1.68939505243,2016-01-01
1041,30451,E,52.5977924355,-2.00143315986,2016-01-01
1097,29398,E,52.4179048197,-1.85439213263,2016-01-01
1112,29118,E,53.7662541549,-1.84977658534,2016-01-01
987,27976,E,53.0471685189,-2.150617279,2016-01-01
1447,27698,E,52.2323948575,-0.830035798891,2016-01-01
1342,26923,E,50.7964662513,-1.15003385693,2016-01-01
1566,26749,E,51.418352558,-0.419492670838,2016-01-01
1619,26424,E,52.5845727737,-0.230265381251,2016-01-01
1893,25276,E,52.6431053418,1.25036211857,2016-01-01
1571,24948,E,51.8677418613,-0.403789660772,2016-01-01
1291,24598,E,54.9330806377,-1.37727546188,2016-01-01
1224,24511,E,53.8553672999,-1.54540608452,2016-01-01
1237,24161,E,55.0236383949,-1.53228965619,2016-01-01
1219,23622,E,53.4059709006,-1.55020810261,2016-01-01
646,23380,W,51.604468067,-3.01215113989,2016-01-01
1319,23158,E,52.955053257,-1.25719479353,2016-01-01
982,22993,E,52.5976983137,-2.14906846501,2016-01-01
1039,22885,E,52.417994132,-2.0014262483,2016-01-01
1818,22853,E,51.5768357339,0.740624276137,2016-01-01
885,22617,E,53.7654775303,-2.45658272295,2016-01-01
1111,22301,E,53.6763737549,-1.85009598649,2016-01-01
1377,22215,E,53.9426409643,-1.08742048742,2016-01-01
1208,22170,E,52.4171777227,-1.56033015674,2016-01-01
1372,22006,E,53.493293584,-1.09709347356,2016-01-01
1769,21469,E,51.5832175536,0.452291920702,2016-01-01
806,21340,E,51.5174953825,-2.57786181583,2016-01-01
1167,21323,E,53.6760889624,-1.69871750247,2016-01-01
1525,21144,E,51.5100896099,-0.560424856073,2016-01-01
1643,20722,E,51.3242545487,-0.135680501803,2016-01-01
937,20647,E,53.5861993682,-2.30358838937,2016-01-01
1791,20497,E,51.4004695891,0.586281138264,2016-01-01
1394,20467,E,51.4246956502,-0.994605402867,2016-01-01
939,20175,E,53.7659596101,-2.30488473107,2016-01-01
1568,20137,E,51.5981128433,-0.413260364196,2016-01-01
1712,20124,E,51.4091898892,0.155363438509,2016-01-01
1668,20014,E,53.5705048513,-0.0383357500624,2016-01-01
778,19966,E,53.7639375908,-2.75996108575,2016-01-01
1222,19852,E,53.6756128511,-1.54734248564,2016-01-01
981,19206,E,52.5078001528,-2.14876360225,2016-01-01
882,19042,E,53.4958398201,-2.45367943985,2016-01-01
1169,18988,E,53.8558465356,-1.69742900704,2016-01-01
1683,18877,E,51.6813191152,0.0236049531769,2016-01-01
721,18851,E,53.4932673815,-2.90584348376,2016-01-01
774,18820,E,53.404437872,-2.75353717016,2016-01-01
827,18803,E,53.4052925691,-2.60313304507,2016-01-01
1363,18492,E,52.6843795382,-1.1138628227,2016-01-01
828,18117,E,53.4951723778,-2.60440825209,2016-01-01
1638,18003,E,50.8748862942,-0.153669637688,2016-01-01
1742,17933,E,51.4963018558,0.30354518101,2016-01-01
1321,17772,E,53.1348200015,-1.25409899605,2016-01-01
322,17189,E,50.4206561835,-4.11287432869,2016-01-01
1338,17010,E,54.6626125104,-1.22638964894,2016-01-01
1273,16580,E,53.3154287356,-1.4010581001,2016-01-01
1569,16532,E,51.6879907038,-0.41011987428,2016-01-01
1182,16485,E,55.0241386113,-1.68870122294,2016-01-01
873,16448,E,52.6868524343,-2.44524505227,2016-01-01
1641,16438,E,51.144511967,-0.142931734853,2016-01-01
1287,16389,E,54.5736408148,-1.38276507787,2016-01-01
1269,16166,E,52.9558898951,-1.4060354391,2016-01-01
974,15874,E,51.878474429,-2.14667392292,2016-01-01
1275,15585,E,53.4951898476,-1.39852909572,2016-01-01
1647,15387,E,51.6837208212,-0.120951140765,2016-01-01
1388,15382,E,50.8852579698,-1.0062585597,2016-01-01
1544,14944,E,53.2176550843,-0.503828974092,2016-01-01
1917,14735,E,51.3782845104,1.44737014629,2016-01-01
829,14658,E,53.5850508047,-2.60569035109,2016-01-01
1721,14620,E,52.2177948975,0.194300341678,2016-01-01
918,14602,E,51.8782033708,-2.29194037585,2016-01-01
986,14567,E,52.9572772203,-2.15030421067,2016-01-01
1605,14474,E,51.3264501505,-0.279123916827,2016-01-01
1741,14435,E,51.4064590467,0.299026459923,2016-01-01
1272,14351,E,53.2255461043,-1.40231244603,2016-01-01
1886,14344,E,52.0147910197,1.20459117249,2016-01-01
1785,14343,E,50.8614912091,0.556333629778,2016-01-01
1387,14166,E,50.7953466319,-1.00816605397,2016-01-01
1767,13957,E,51.403552257,0.442666176145,2016-01-01
1610,13863,E,51.7758144721,-0.262082899786,2016-01-01
1113,13671,E,53.8561331971,-1.8494554478,2016-01-01
1296,13570,E,50.88733129,-1.29054821898,2016-01-01
662,13473,W,53.0426676831,-3.04552319,2016-01-01
467,13289,E,50.6992070055,-3.55893728682,2016-01-01
1264,13026,E,52.506435094,-1.41210976977,2016-01-01
1268,12843,E,52.8660017164,-1.40726324699,2016-01-01
1384,12785,E,54.5716684235,-1.07342791273,2016-01-01
1306,12760,E,51.7864325803,-1.27653746994,2016-01-01
1489,12725,E,52.0510910863,-0.688941156029,2016-01-01
1347,12718,E,51.2460264795,-1.14177593708,2016-01-01
1734,12657,E,50.7775126789,0.268039207819,2016-01-01
718,12625,E,53.2236423205,-2.90014195737,2016-01-01
670,12472,E,53.7616300856,-3.06330425286,2016-01-01
775,12449,E,53.494314891,-2.75513017245,2016-01-01
1684,12409,E,51.7711740365,0.0276218807211,2016-01-01
1570,12292,E,51.7778670431,-0.406963010857,2016-01-01
1276,12123,E,53.5850683306,-1.39725433888,2016-01-01
1529,12047,E,51.869621956,-0.548974683263,2016-01-01
1051,11997,E,53.4967017333,-2.00146883014,2016-01-01
1238,11816,E,55.1134959183,-1.53124112055,2016-01-01
1263,11802,E,52.416539956,-1.41330545077,2016-01-01
321,11701,E,50.3307852287,-4.10888411451,2016-01-01
1771,11662,E,51.7628760158,0.462018047125,2016-01-01
1492,11573,E,52.3207322571,-0.680987135508,2016-01-01
464,11519,E,50.4295190432,-3.55006127547,2016-01-01
1522,11491,E,51.2404246204,-0.568857942663,2016-01-01
1523,11379,E,51.3303144488,-0.56606143163,2016-01-01
719,11220,E,53.3135187505,-2.9020322641,2016-01-01
1154,11172,E,52.5075313515,-1.70676341495,2016-01-01
1324,11162,E,53.4044596386,-1.2493927001,2016-01-01
1325,11068,E,53.4943367274,-1.24780699964,2016-01-01
667,11048,E,53.4920298762,-3.05654646949,2016-01-01
1556,11004,E,54.2958398137,-0.465011070513,2016-01-01
1790,10857,E,51.3106442117,0.581225409953,2016-01-01
1481,10770,E,51.3319830541,-0.709552639294,2016-01-01
1793,10658,E,51.5801151089,0.596471379401,2016-01-01
1320,10646,E,53.0449373286,-1.25565102828,2016-01-01
1020,10521,E,50.7096344363,-2.0013640301,2016-01-01
1506,10424,E,53.5788826458,-0.642149901043,2016-01-01
1609,10419,E,51.6859447018,-0.26552657806,2016-01-01
1247,10391,E,50.9780273263,-1.43160979529,2016-01-01
1038,10283,E,52.3280929167,-2.00142281949,2016-01-01
1221,10125,E,53.5857335725,-1.54830285147,2016-01-01
1042,10076,E,52.6876895261,-2.00143664286,2016-01-01
1532,10017,E,52.1392554953,-0.540228925608,2016-01-01
759,9809,E,52.0561146329,-2.73063440857,2016-01-01
1493,9793,E,52.4106097006,-0.678307792848,2016-01-01
1290,9516,E,54.8432227267,-1.37865929403,2016-01-01
781,9457,E,54.0335477789,-2.7648711957,2016-01-01
1403,9419,E,52.2337548623,-0.976431602692,2016-01-01
643,9352,E,51.3347646499,-3.0061989766,2016-01-01
831,9309,E,53.7648035181,-2.60827542636,2016-01-01
400,9272,W,51.6836675688,-3.88184461618,2016-01-01
1483,9226,E,51.5117689215,-0.704479803235,2016-01-01
1494,9164,E,52.5004856715,-0.675614284714,2016-01-01
1277,9130,E,53.6749454333,-1.3959726792,2016-01-01
978,9128,E,52.2380974086,-2.14785860832,2016-01-01
1235,9107,E,54.8439192993,-1.53436929554,2016-01-01
1845,9053,E,51.93256269,0.907740943894,2016-01-01
996,9046,E,53.8561287729,-2.15351180748,2016-01-01
830,9029,E,53.6749278511,-2.60697939227,2016-01-01
1844,9020,E,51.8427696497,0.901948041936,2016-01-01
556,8991,W,51.5117322727,-3.29830433686,2016-01-01
1524,8963,E,51.4202027786,-0.5632504358,2016-01-01
1278,8937,E,53.7648211569,-1.39468406625,2016-01-01
1214,8846,E,52.9565401592,-1.55488264804,2016-01-01
1612,8843,E,51.9555493711,-0.255141471142,2016-01-01
1934,8781,E,52.6301264911,1.69284696758,2016-01-01
1155,8755,E,52.5974286424,-1.70616409473,2016-01-01
1445,8736,E,52.0526227158,-0.834736639754,2016-01-01
1270,8694,E,53.0457766852,-1.40480106776,2016-01-01
1475,8687,E,50.7925899688,-0.72446104963,2016-01-01
557,8674,W,51.6016228752,-3.30086707118,2016-01-01
924,8655,E,52.4176242734,-2.29549284854,2016-01-01
1484,8558,E,51.6016596393,-0.701923605396,2016-01-01
878,8501,E,53.1363036506,-2.449880666,2016-01-01
1480,8499,E,51.2420879037,-0.712069456776,2016-01-01
1207,8447,E,52.3272791362,-1.5612213809,2016-01-01
1879,8411,E,51.1170345041,1.14203715245,2016-01-01
931,8357,E,53.0468858468,-2.29978212221,2016-01-01
622,8345,E,54.1196165914,-3.22545003888,2016-01-01
1289,8342,E,54.7533634535,-1.38003546918,2016-01-01
1178,8318,E,54.6646884288,-1.69145357367,2016-01-01
773,8286,E,53.3145594584,-2.75195271492,2016-01-01
647,8279,W,51.6943663225,-3.01415586735,2016-01-01
1574,8141,E,52.1373571901,-0.394169542782,2016-01-01
1642,8119,E,51.2343840448,-0.139315465274,2016-01-01
1143,8119,E,51.5185698439,-1.71315222599,2016-01-01
1932,8104,E,52.4507012901,1.67780249378,2016-01-01
737,8029,E,54.931054381,-2.93787253986,2016-01-01
601,7924,W,51.6930281856,-3.15880547918,2016-01-01
727,7920,E,54.0324795159,-2.91752739568,2016-01-01
1373,7879,E,53.5831658712,-1.0951797517,2016-01-01
465,7862,E,50.5194165534,-3.55300488671,2016-01-01
1326,7814,E,53.5842124229,-1.24621272907,2016-01-01
1442,7801,E,51.7829535906,-0.841696274456,2016-01-01
1317,7707,E,52.7752809135,-1.26025775796,2016-01-01
766,7588,E,52.6853714212,-2.74109575491,2016-01-01
1231,7561,E,54.4844648724,-1.53846006217,2016-01-01
1213,7535,E,52.8666498762,-1.55580266008,2016-01-01
1837,7331,E,51.1243593225,0.856671509319,2016-01-01
1343,7245,E,50.8863811603,-1.14839918891,2016-01-01
1232,7228,E,54.5743305122,-1.53744582764,2016-01-01
641,7228,E,51.1549551562,-3.00228184912,2016-01-01
1144,7223,E,51.6084823731,-1.71258646861,2016-01-01
1305,7216,E,51.6965288215,-1.2779714274,2016-01-01
994,7122,E,53.676369359,-2.15285638221,2016-01-01
1756,7089,E,52.7539252908,0.369346578219,2016-01-01
333,7079,W,51.6786782096,-4.17093503028,2016-01-01
1897,7044,E,51.1131113398,1.28467368587,2016-01-01
1212,7044,E,52.7767582122,-1.55671778876,2016-01-01
519,7027,W,51.6898178037,-3.44806738106,2016-01-01
984,7018,E,52.7774905119,-2.14968305578,2016-01-01
555,7013,W,51.4218401926,-3.29575485246,2016-01-01
1716,6989,E,51.7685862832,0.17244356211,2016-01-01
1099,6984,E,52.5977025443,-1.85379783652,2016-01-01
1209,6946,E,52.5070749224,-1.5594342189,2016-01-01
1743,6907,E,51.5861429941,0.308087367197,2016-01-01
1565,6897,E,51.3284701331,-0.422584708619,2016-01-01
1087,6845,E,51.5188333756,-1.857271759,2016-01-01
1226,6844,E,54.0351162797,-1.5434485344,2016-01-01
1884,6836,E,51.8352551416,1.19181924499,2016-01-01
1488,6830,E,51.9612077477,-0.691564817503,2016-01-01
859,6774,E,51.4282045788,-2.43289736301,2016-01-01
1313,6745,E,52.4157193964,-1.26628703513,2016-01-01
1239,6679,E,55.2033520941,-1.53018671519,2016-01-01
1050,6665,E,53.4068169488,-2.00146517746,2016-01-01
537,6657,W,53.307468629,-3.50223177966,2016-01-01
1738,6649,E,51.1369206036,0.28560949796,2016-01-01
968,6596,E,51.338998412,-2.1449425871,2016-01-01
1327,6522,E,53.6740867262,-1.24460982596,2016-01-01
1679,6480,E,51.3218833796,0.00774409200504,2016-01-01
475,6451,W,51.5081886754,-3.58639887933,2016-01-01
1661,6412,E,52.9416541853,-0.0669031215498,2016-01-01
1482,6370,E,51.4218767266,-0.707022784517,2016-01-01
1370,6335,E,53.3135447857,-1.10089013143,2016-01-01
364,6331,W,51.6812617725,-4.02640025333,2016-01-01
1815,6323,E,51.3073961283,0.724534276054,2016-01-01
1218,6322,E,53.3160875047,-1.55115306238,2016-01-01
1088,6308,E,51.6087467503,-1.85699051176,2016-01-01
776,6140,E,53.5841905163,-2.75673178389,2016-01-01
1796,6140,E,51.8495702783,0.611956419199,2016-01-01
921,6104,E,52.1479200517,-2.29370263191,2016-01-01
363,6100,W,51.5914054255,-4.02239759579,2016-01-01
600,6055,W,51.6031342106,-3.15651503685,2016-01-01
1318,6053,E,52.8651677857,-1.25873035066,2016-01-01
559,6044,W,51.7813996492,-3.30603265501,2016-01-01
1302,6015,E,51.4268090616,-1.28222885736,2016-01-01
1234,5967,E,54.7540577242,-1.53540048675,2016-01-01
1766,5887,E,51.313717049,0.437890520172,2016-01-01
1298,5827,E,51.0671628885,-1.28780360389,2016-01-01
456,5795,W,53.3033117487,-3.80223667493,2016-01-01
860,5678,E,51.5181170538,-2.43374972396,2016-01-01
1456,5645,E,53.0412976168,-0.808257134044,2016-01-01
1367,5616,E,53.0439110137,-1.1065092557,2016-01-01
1180,5593,E,54.8444162095,-1.69008503479,2016-01-01
1153,5589,E,52.417632681,-1.70735957637,2016-01-01
602,5576,W,51.7829207031,-3.16110786609,2016-01-01
980,5533,E,52.4179006158,-2.14846034605,2016-01-01
1157,5516,E,52.7772190899,-1.70495588819,2016-01-01
1233,5504,E,54.6641947956,-1.53642598324,2016-01-01
1881,5498,E,51.2966011875,1.15429038202,2016-01-01
1082,5484,E,51.0692456545,-1.85865636883,2016-01-01
1611,5451,E,51.8656826953,-0.258621239005,2016-01-01
1639,5443,E,50.9647630915,-0.15010869648,2016-01-01
518,5436,W,51.5999340971,-3.44520576461,2016-01-01
1689,5377,E,52.2204245435,0.0480240023875,2016-01-01
938,5304,E,53.6760801708,-2.30423480678,2016-01-01
858,5292,E,51.3382907053,-2.43204940305,2016-01-01
669,5253,E,53.6717647726,-3.0610394701,2016-01-01
879,5232,E,53.2261897563,-2.45082272767,2016-01-01
1368,5229,E,53.1337903489,-1.10464623251,2016-01-01
1816,5205,E,51.3972111159,0.729869898952,2016-01-01
664,5184,W,53.2224168422,-3.04989706518,2016-01-01
1648,5118,E,51.7735834521,-0.117220771041,2016-01-01
1602,5115,E,51.0568129958,-0.289139037328,2016-01-01
989,5103,E,53.2269470113,-2.15124845715,2016-01-01
917,5089,E,51.7882950366,-2.29135907048,2016-01-01
1438,5079,E,51.4233743623,-0.850808259611,2016-01-01
1279,5012,E,53.8546955026,-1.39338844909,2016-01-01
1862,4975,E,51.3003745335,1.01106819534,2016-01-01
558,4929,W,51.6915120006,-3.30344314657,2016-01-01
1250,4895,E,51.2477758358,-1.4282924786,2016-01-01
777,4865,E,53.6740647492,-2.75834206721,2016-01-01
977,4862,E,52.1481937361,-2.14756010459,2016-01-01
884,4857,E,53.6755996641,-2.45560972453,2016-01-01
800,4842,E,50.9780113372,-2.57113686158,2016-01-01
1294,4817,E,50.7074940083,-1.29326483798,2016-01-01
1079,4802,E,50.7994763069,-1.85947018247,2016-01-01
1437,4783,E,51.3334759095,-0.853056884125,2016-01-01
541,4783,E,54.6551415607,-3.55153721811,2016-01-01
1726,4771,E,52.6669624486,0.216738577564,2016-01-01
872,4693,E,52.5969580451,-2.44433262204,2016-01-01
594,4653,E,50.9738355271,-3.14080961215,2016-01-01
1096,4651,E,52.3280038921,-1.85468693606,2016-01-01
881,4648,E,53.4059578398,-2.45272207781,2016-01-01
1322,4640,E,53.2247012767,-1.25253863739,2016-01-01
672,4582,E,53.9413564454,-3.06787083067,2016-01-01
1499,4513,E,52.9498434545,-0.661930729041,2016-01-01
1271,4496,E,53.1356620879,-1.40356008592,2016-01-01
1100,4476,E,52.6875993437,-1.85349832171,2016-01-01
753,4474,E,51.5166966981,-2.7219680055,2016-01-01
665,4423,E,53.3122892799,-3.05210163592,2016-01-01
912,4421,E,51.3387325134,-2.28849745491,2016-01-01
877,4417,E,53.0464161674,-2.44894363148,2016-01-01
1600,4406,E,50.8770471601,-0.295730455087,2016-01-01
1358,4373,E,52.2349333216,-1.12283827064,2016-01-01
1534,4352,E,52.3190037069,-0.53432154081,2016-01-01
1297,4279,E,50.9772477993,-1.28917943454,2016-01-01
1375,4273,E,53.7629062268,-1.09132114743,2016-01-01
1220,4245,E,53.4958529228,-1.54925804465,2016-01-01
1789,4224,E,51.2208170913,0.576195705583,2016-01-01
1033,4201,E,51.8785661575,-2.00140594009,2016-01-01
1110,4195,E,53.5864919954,-1.85041366388,2016-01-01
1315,4188,E,52.5955029627,-1.26328835344,2016-01-01
179,4173,E,50.2151967989,-5.22525707629,2016-01-01
381,4154,W,53.2085735028,-4.09775897671,2016-01-01
736,4136,E,54.8412031714,-2.93578712965,2016-01-01
1739,4134,E,51.2267684196,0.29005877585,2016-01-01
1550,4120,E,53.7567742664,-0.484735496512,2016-01-01
540,4108,E,54.5653071191,-3.54812290898,2016-01-01
969,4084,E,51.4289145519,-2.14522741349,2016-01-01
1436,4075,E,51.2435759973,-0.855293919677,2016-01-01
1636,4061,E,54.1118852562,-0.165849039365,2016-01-01
988,4016,E,53.1370584488,-2.15093202381,2016-01-01
439,4016,W,51.5960243778,-3.73383722002,2016-01-01
1616,4000,E,52.3150006008,-0.24103879564,2016-01-01
1792,3998,E,51.490293222,0.591363068272,2016-01-01
1418,3991,E,53.5819287025,-0.944157135847,2016-01-01
1933,3956,E,52.5404149539,1.68530488401,2016-01-01
1309,3950,E,52.0561353861,-1.2721904346,2016-01-01
1717,3945,E,51.8584312866,0.176769366255,2016-01-01
1429,3939,E,54.5703857821,-0.918775248296,2016-01-01
1887,3929,E,52.1045560508,1.21102734299,2016-01-01
360,3856,E,51.0522336411,-3.99881181954,2016-01-01
1527,3854,E,51.6898587782,-0.554729543841,2016-01-01
923,3853,E,52.3277242486,-2.29489296665,2016-01-01
595,3848,E,51.0637397204,-3.1430186908,2016-01-01
1312,3793,E,52.325825505,-1.26777454817,2016-01-01
922,3792,E,52.2378228418,-2.2942962351,2016-01-01
1336,3788,E,54.4828929985,-1.22978461752,2016-01-01
520,3778,W,51.7797000122,-3.45094391818,2016-01-01
1460,3718,E,53.4007722858,-0.798237666611,2016-01-01
1206,3712,E,52.2373791619,-1.56210792434,2016-01-01
1179,3671,E,54.7545529923,-1.69077119898,2016-01-01
1827,3627,E,52.3850577621,0.790429015333,2016-01-01
1323,3613,E,53.3145811554,-1.25096989228,2016-01-01
697,3590,E,51.3359099497,-2.86267321742,2016-01-01
1711,3589,E,51.3193366992,0.151148421349,2016-01-01
1035,3571,E,52.0583810024,-2.00141263941,2016-01-01
990,3566,E,53.3168342077,-2.1515665912,2016-01-01
1341,3522,E,50.7065499092,-1.15166018028,2016-01-01
1768,3485,E,51.493385759,0.447466586469,2016-01-01
1868,3477,E,52.1084396997,1.06523875262,2016-01-01
1649,3435,E,51.8634445075,-0.113470924134,2016-01-01
1678,3433,E,51.2320204357,0.00382988638244,2016-01-01
825,3397,E,53.2255288014,-2.60060310854,2016-01-01
1526,3384,E,51.599974943,-0.557584592413,2016-01-01
1867,3371,E,52.018662218,1.05909368508,2016-01-01
1761,3354,E,50.8645154594,0.414377730517,2016-01-01
1124,3325,E,54.844713444,-1.84580459216,2016-01-01
1775,3304,E,52.1221723971,0.481777026909,2016-01-01
1055,3273,E,53.856227277,-2.0014836377,2016-01-01
1630,3268,E,53.572884885,-0.18925993709,2016-01-01
1823,3150,E,52.0258659451,0.768004110689,2016-01-01
290,3124,E,50.4180154282,-4.25353014818,2016-01-01
1572,3122,E,51.9576151584,-0.400599709792,2016-01-01
1528,3100,E,51.7797411158,-0.551859608424,2016-01-01
1354,3085,E,51.8753507813,-1.12985062108,2016-01-01
784,3062,E,54.3031454865,-2.76986226468,2016-01-01
302,3048,W,51.8555904417,-4.32466382201,2016-01-01
1415,3043,E,53.3123196527,-0.950820509488,2016-01-01
1615,3024,E,52.2251401146,-0.244592261472,2016-01-01
476,3003,W,51.5980679165,-3.58952963971,2016-01-01
911,3002,E,51.248815831,-2.28793397145,2016-01-01
1825,3001,E,52.2054654571,0.77915772862,2016-01-01
660,2992,E,52.8629128071,-3.04119577851,2016-01-01
1677,2980,E,51.1421558888,-6.41918344659e-05,2016-01-01
1502,2976,E,53.2194404858,-0.653544060686,2016-01-01
218,2937,E,50.3159302926,-4.81060919575,2016-01-01
754,2920,W,51.6066032204,-2.72339367492,2016-01-01
1419,2912,E,53.6717955372,-0.94191194767,2016-01-01
668,2858,E,53.5818980365,-3.05878690517,2016-01-01
1770,2857,E,51.6730476396,0.457142349998,2016-01-01
1604,2822,E,51.2365726455,-0.282479510637,2016-01-01
1795,2819,E,51.7597536386,0.606767871179,2016-01-01
934,2804,E,53.3165487664,-2.30166992526,2016-01-01
195,2778,E,50.3986053617,-5.0969628554,2016-01-01
1106,2752,E,53.2269513373,-1.85166738405,2016-01-01
1266,2744,E,52.686221189,-1.40969935848,2016-01-01
438,2744,W,51.506151667,-3.73042260848,2016-01-01
722,2738,E,53.5831395846,-2.90776454493,2016-01-01
1316,2714,E,52.6853926395,-1.26177707316,2016-01-01
723,2681,E,53.6730103807,-2.90969600704,2016-01-01
1304,2676,E,51.6066236493,-1.27939794389,2016-01-01
1365,2676,E,52.8641481048,-1.11020560408,2016-01-01
1210,2674,E,52.5969707365,-1.55853353407,2016-01-01
1674,2656,E,50.872552635,-0.0116270156561,2016-01-01
724,2640,E,53.7628797708,-2.91163794606,2016-01-01
1056,2638,E,53.9461052713,-2.00148738952,2016-01-01
1853,2633,E,52.6508405609,0.95519343038,2016-01-01
1746,2631,E,51.8556563741,0.321856335747,2016-01-01
223,2626,W,51.6630962035,-4.89324420165,2016-01-01
1744,2610,E,51.6759824606,0.312653179661,2016-01-01
1352,2605,E,51.6955509702,-1.13330220869,2016-01-01
1613,2597,E,52.0454144997,-0.251643470439,2016-01-01
440,2588,W,51.6858955409,-3.73726960196,2016-01-01
1900,2586,E,51.3824207722,1.30393404112,2016-01-01
995,2559,E,53.766249745,-2.15318320668,2016-01-01
663,2548,W,53.1325429768,-3.04770427798,2016-01-01
1910,2541,E,52.6389624256,1.39789440936,2016-01-01
1715,2534,E,51.6787396411,0.168140220594,2016-01-01
372,2523,W,52.4000546822,-4.05918476703,2016-01-01
1286,2507,E,54.4837774467,-1.38411862462,2016-01-01
1259,2453,E,52.0569454423,-1.41802570852,2016-01-01
932,2449,E,53.1367748575,-2.30040802386,2016-01-01
1328,2447,E,53.7639596385,-1.24299822724,2016-01-01
1043,2437,E,52.7775852443,-2.00144014417,2016-01-01
749,2431,E,51.1570564475,-2.71633855693,2016-01-01
1839,2430,E,51.3039728754,0.86781568257,2016-01-01
511,2430,E,50.8808104793,-3.42283791511,2016-01-01
747,2405,E,50.9772278136,-2.71356707791,2016-01-01
916,2400,E,51.6983853136,-2.29078078668,2016-01-01
193,2383,E,50.2190011908,-5.08530762347,2016-01-01
1175,2368,E,54.3950866462,-1.69347824306,2016-01-01
517,2360,W,51.5100488921,-3.44235896665,2016-01-01
167,2349,E,50.211224103,-5.36517587314,2016-01-01
1021,2339,E,50.7995606119,-2.00136715646,2016-01-01
826,2335,E,53.3154113773,-2.60186468029,2016-01-01
1031,2327,E,51.6987457805,-2.00139930957,2016-01-01
851,2326,E,50.7088543542,-2.42623443241,2016-01-01
1371,2318,E,53.4034198891,-1.09899690874,2016-01-01
1440,2294,E,51.6031668919,-0.846275925705,2016-01-01
1027,2293,E,51.3390883949,-2.00138625116,2016-01-01
1551,2277,E,53.8466222467,-0.481492656489,2016-01-01
1151,2268,E,52.2378311964,-1.70854251117,2016-01-01
329,2256,E,51.0497072227,-4.1413826537,2016-01-01
343,2256,W,53.1160242174,-4.24268346336,2016-01-01
648,2238,W,51.7842631374,-3.01617105014,2016-01-01
576,2232,W,53.3092641808,-3.35220308357,2016-01-01
1476,2186,E,50.8824925147,-0.722008109156,2016-01-01
1750,2172,E,52.2149840952,0.340553426061,2016-01-01
1640,2160,E,51.0546383159,-0.146529436869,2016-01-01
1621,2151,E,52.7642798169,-0.222987589286,2016-01-01
975,2149,E,51.9683822474,-2.14696777268,2016-01-01
967,2128,E,51.2490808814,-2.14465922886,2016-01-01
1166,2106,E,53.5862081315,-1.69935653665,2016-01-01
1052,2095,E,53.5865851569,-2.00147250236,2016-01-01
1614,2078,E,52.1352780809,-0.248127109939,2016-01-01
1654,2068,E,52.312726143,-0.0944247650779,2016-01-01
1735,2065,E,50.8673671573,0.27239806197,2016-01-01
1650,2063,E,51.9533039872,-0.109701465143,2016-01-01
886,2059,E,53.8553540278,-2.4575610099,2016-01-01
1693,2057,E,52.5797959986,0.0647356250621,2016-01-01
700,2057,W,51.6056244128,-2.86777685934,2016-01-01
212,2027,W,51.7492322413,-5.04364754993,2016-01-01
1284,2009,E,54.3040466062,-1.38680348172,2016-01-01
1521,1992,E,51.1505332929,-0.571640067083,2016-01-01
661,1981,W,52.9527909601,-3.04335371775,2016-01-01
1125,1976,E,54.9345763033,-1.84546158542,2016-01-01
1256,1970,E,51.7872348686,-1.42150152073,2016-01-01
1618,1970,E,52.4947169304,-0.233875488062,2016-01-01
642,1967,E,51.244860625,-3.00423536092,2016-01-01
767,1960,E,52.7752596277,-2.74262206948,2016-01-01
1378,1953,E,54.0325062287,-1.08545419303,2016-01-01
1487,1941,E,51.8713229342,-0.694174799222,2016-01-01
509,1939,E,50.7010145758,-3.41738822504,2016-01-01
1531,1935,E,52.0493791455,-0.543159447219,2016-01-01
810,1926,E,51.8771232953,-2.5824626419,2016-01-01
1516,1923,E,54.477385529,-0.612560119233,2016-01-01
230,1916,E,50.4989065276,-4.68043748429,2016-01-01
1821,1905,E,51.8462592414,0.756966536292,2016-01-01
1139,1885,E,51.1589057989,-1.71538618989,2016-01-01
365,1878,W,51.7711165133,-4.03042377132,2016-01-01
1047,1874,E,53.1371544174,-2.00145433526,2016-01-01
1353,1874,E,51.7854515882,-1.13158091152,2016-01-01
913,1862,E,51.4286478018,-2.28906385808,2016-01-01
1632,1850,E,53.7525578694,-0.181540799131,2016-01-01
1848,1837,E,52.201930758,0.925302380892,2016-01-01
1603,1834,E,51.1466935939,-0.285817845253,2016-01-01
1765,1817,E,51.223880136,0.43313945057,2016-01-01
761,1810,E,52.2359093221,-2.73358412566,2016-01-01
1191,1804,E,50.8887122822,-1.57486587323,2016-01-01
1530,1802,E,51.9595012991,-0.546074664483,2016-01-01
618,1790,W,53.2210032451,-3.19964038959,2016-01-01
857,1785,E,51.2483754324,-2.43120581418,2016-01-01
1190,1782,E,50.7987899608,-1.57568176253,2016-01-01
1449,1782,E,52.4121611849,-0.825285290238,2016-01-01
567,1779,W,52.5004477288,-3.32724364394,2016-01-01
1444,1769,E,51.962734463,-0.83706865014,2016-01-01
1406,1767,E,52.5034153928,-0.970180779979,2016-01-01
619,1764,W,53.3108710781,-3.20215913919,2016-01-01
1705,1757,E,50.7801832465,0.126309060396,2016-01-01
1751,1754,E,52.304811831,0.345289265455,2016-01-01
1723,1752,E,52.3974668508,0.203204719552,2016-01-01
1794,1748,E,51.6699352483,0.601606252762,2016-01-01
788,1738,E,54.6625897382,-2.77664610676,2016-01-01
1439,1735,E,51.5132713562,-0.848547966824,2016-01-01
1028,1715,E,51.4290048229,-2.00138949073,2016-01-01
1280,1699,E,53.9445684716,-1.3920857763,2016-01-01
1435,1691,E,51.1536746253,-0.857519444838,2016-01-01
1216,1689,E,53.1363165868,-1.55302783377,2016-01-01
1820,1660,E,51.7564531973,0.751490765907,2016-01-01
1184,1657,E,55.2038556465,-1.68730190521,2016-01-01
973,1647,E,51.7885652264,-2.14638160306,2016-01-01
875,1643,E,52.8666370632,-2.44708450067,2016-01-01
985,1640,E,52.8673845517,-2.14999280687,2016-01-01
716,1636,W,53.0438852267,-2.89639158497,2016-01-01
1391,1632,E,51.1549833091,-1.00047699677,2016-01-01
1267,1630,E,52.7761121481,-1.40848453807,2016-01-01
1227,1627,E,54.124988722,-1.54246173088,2016-01-01
1414,1617,E,53.222447118,-0.953017858971,2016-01-01
752,1617,E,51.4267887605,-2.72054970901,2016-01-01
1797,1605,E,51.9393851658,0.617172083122,2016-01-01
1225,1603,E,53.9452424728,-1.5444299725,2016-01-01
1865,1589,E,51.8391015871,1.04689944217,2016-01-01
1486,1589,E,51.7814366452,-0.696771195584,2016-01-01
1392,1583,E,51.2448888662,-0.998529892856,2016-01-01
1560,1582,E,50.8790351823,-0.437808071332,2016-01-01
1555,1570,E,54.2059992769,-0.468343478684,2016-01-01
1740,1562,E,51.3166145676,0.294531044265,2016-01-01
1434,1557,E,51.0637717928,-0.859733537455,2016-01-01
638,1553,E,50.8852300797,-2.99648125668,2016-01-01
620,1550,E,53.4007374651,-3.20469144786,2016-01-01
1885,1549,E,51.925024049,1.19818855029,2016-01-01
1666,1548,E,53.3908411337,-0.0466076430943,2016-01-01
1054,1547,E,53.7663479274,-2.00147990599,2016-01-01
1584,1544,E,53.0359761314,-0.360982325288,2016-01-01
1369,1540,E,53.2236682726,-1.1027732151,2016-01-01
1158,1528,E,52.8671122489,-1.70434695649,2016-01-01
940,1527,E,53.8558376873,-2.30553818792,2016-01-01
1076,1513,E,55.7433828367,-2.00156689113,2016-01-01
802,1510,E,51.1578449855,-2.57335543358,2016-01-01
717,1490,E,53.1337644796,-2.8982617551,2016-01-01
1150,1487,E,52.1479283799,-1.70912932822,2016-01-01
1564,1482,E,51.2385861865,-0.425660815025,2016-01-01
983,1475,E,52.6875950997,-2.14937494569,2016-01-01
1538,1474,E,52.6784821859,-0.522318347175,2016-01-01
698,1460,E,51.4258161988,-2.86436562844,2016-01-01
1395,1447,E,51.5145968784,-0.99262787863,2016-01-01
1034,1445,E,51.9684742709,-2.00140928109,2016-01-01
819,1443,E,52.6862042137,-2.59317363433,2016-01-01
1095,1428,E,52.238101586,-1.85498019098,2016-01-01
1254,1427,E,51.60742081,-1.42378870336,2016-01-01
1896,1424,E,52.9123535607,1.27050184084,2016-01-01
1201,1423,E,51.7878584336,-1.56647156259,2016-01-01
1873,1421,E,52.5572986663,1.09645254152,2016-01-01
617,1420,W,53.1311339653,-3.19713510179,2016-01-01
1045,1415,E,52.9573725682,-2.00144720229,2016-01-01
1597,1410,E,54.203953663,-0.315097932456,2016-01-01
1389,1409,E,50.9751678615,-1.00434126302,2016-01-01
744,1378,E,50.7074742089,-2.70946282906,2016-01-01
1170,1370,E,53.9457232807,-1.69677949474,2016-01-01
1840,1368,E,51.3937769143,0.873431012548,2016-01-01
1102,1366,E,52.8673888228,-1.85289450244,2016-01-01
225,1364,W,51.8426872811,-4.90475306202,2016-01-01
1265,1358,E,52.596328838,-1.41090775395,2016-01-01
1657,1355,E,52.5822762009,-0.0827545088135,2016-01-01
1080,1346,E,50.8894008179,-1.85920030175,2016-01-01
863,1341,E,51.7878460981,-2.43633351638,2016-01-01
441,1333,W,51.7757651564,-3.74071987677,2016-01-01
1871,1331,E,52.3777607784,1.08386842377,2016-01-01
1659,1329,E,52.7619683502,-0.0748708843767,2016-01-01
1707,1325,E,50.9599075951,0.134503955979,2016-01-01
539,1319,E,54.4754711906,-3.54472737016,2016-01-01
1479,1311,E,51.1521912749,-0.714573325347,2016-01-01
750,1310,E,51.246968636,-2.71773503428,2016-01-01
1687,1303,E,52.0407291627,0.0397990691271,2016-01-01
1448,1301,E,52.3222787477,-0.827666796526,2016-01-01
809,1300,E,51.7872184217,-2.58130343877,2016-01-01
1468,1289,E,54.1196523194,-0.777538554105,2016-01-01
871,1286,E,52.5070622712,-2.44342500875,2016-01-01
1348,1280,E,51.3359342336,-1.14009869129,2016-01-01
1800,1279,E,52.2088193,0.632983659955,2016-01-01
1923,1271,E,52.4551819261,1.53094307276,2016-01-01
1778,1268,E,52.3916266674,0.496870286865,2016-01-01
1573,1266,E,52.0474869346,-0.397393042601,2016-01-01
1772,1259,E,51.8527026809,0.466919186485,2016-01-01
1692,1258,E,52.4899555494,0.0605246164023,2016-01-01
1869,1254,E,52.1982152887,1.07141608103,2016-01-01
1708,1251,E,51.0497673213,0.138633023108,2016-01-01
1186,1250,E,55.3835673273,-1.68588684384,2016-01-01
1364,1249,E,52.7742645291,-1.11203906988,2016-01-01
353,1242,E,50.4231269772,-3.97219818261,2016-01-01
1135,1240,E,50.7992194212,-1.71757458655,2016-01-01
1498,1229,E,52.8599748391,-0.664696583544,2016-01-01
963,1228,E,50.8893968329,-2.14354027964,2016-01-01
1478,1228,E,51.0622931674,-0.717064332567,2016-01-01
194,1217,E,50.3088042208,-5.0911204737,2016-01-01
1402,1214,E,52.1438651478,-0.978493379792,2016-01-01
1453,1204,E,52.771676417,-0.815632452571,2016-01-01
997,1200,E,53.9460064442,-2.15384219766,2016-01-01
1904,1187,E,52.1004923938,1.35678215184,2016-01-01
808,1185,E,51.6973121457,-2.58015026091,2016-01-01
1593,1182,E,53.8446032842,-0.32956150994,2016-01-01
782,1173,E,54.1234150665,-2.76652580135,2016-01-01
1903,1171,E,52.0107403879,1.35005511197,2016-01-01
552,1169,E,50.9723576143,-3.28320304897,2016-01-01
1351,1163,E,51.6056489265,-1.13501457435,2016-01-01
692,1158,E,50.8863572533,-2.85434083462,2016-01-01
1720,1141,E,52.1279564567,0.189883117012,2016-01-01
731,1128,E,54.3919262226,-2.92553141563,2016-01-01
1094,1127,E,52.1481979003,-1.85527190819,2016-01-01
1283,1125,E,54.2141791312,-1.38813490189,2016-01-01
769,1124,W,52.9550318353,-2.74569914352,2016-01-01
428,1124,E,50.4275584578,-3.6907903058,2016-01-01
1581,1122,E,52.7664064075,-0.371123714348,2016-01-01
1138,1121,E,51.0689863006,-1.71593751282,2016-01-01
1732,1118,E,53.2957278499,0.249168726461,2016-01-01
1485,1114,E,51.6915488804,-0.699354100099,2016-01-01
477,1111,W,51.6879456356,-3.59267669507,2016-01-01
1866,1109,E,51.9288828463,1.05298065527,2016-01-01
1400,1100,E,51.9640814081,-0.982584642783,2016-01-01
1245,1095,E,50.7981879357,-1.43379310405,2016-01-01
1829,1085,E,52.5646428447,0.801819627363,2016-01-01
1314,1082,E,52.505611882,-1.2647916554,2016-01-01
1801,1082,E,52.2986271632,0.638309686171,2016-01-01
1411,1071,E,52.9528209476,-0.959539770608,2016-01-01
1777,1071,E,52.3018102957,0.491812737699,2016-01-01
1912,1065,E,52.8184363528,1.41189028653,2016-01-01
1114,1063,E,53.9460108827,-1.84913256112,2016-01-01
1562,1056,E,51.0588137282,-0.431765664589,2016-01-01
1920,1048,E,52.1859851846,1.50955614275,2016-01-01
972,1047,E,51.6986546385,-2.14609080258,2016-01-01
874,1036,E,52.7767454399,-2.44616233364,2016-01-01
966,1035,E,51.1591619593,-2.14437732882,2016-01-01
234,1031,W,51.6665675892,-4.74883592232,2016-01-01
1803,1029,E,52.4782376079,0.649046158898,2016-01-01
756,1027,W,51.7864120225,-2.72626733598,2016-01-01
930,1027,E,52.9569954636,-2.29915955454,2016-01-01
1195,1025,E,51.2483875377,-1.57156009461,2016-01-01
1719,1023,E,52.0381163741,0.185488985967,2016-01-01
725,1017,E,53.8527477561,-2.91359043871,2016-01-01
522,1013,W,51.9594599358,-3.45674216789,2016-01-01
1899,1008,E,51.2926529262,1.2974808122,2016-01-01
1215,1002,E,53.0464290623,-1.55395771769,2016-01-01
1690,1001,E,52.3102698213,0.0521689595548,2016-01-01
1393,1001,E,51.3347929797,-0.996572717808,2016-01-01
264,997,E,50.4152047719,-4.39416429378,2016-01-01
1281,993,E,54.0344400652,-1.39077599591,2016-01-01
1754,993,E,52.5742849548,0.359647319329,2016-01-01
401,991,W,51.773530032,-3.88558157951,2016-01-01
1653,986,E,52.2228729691,-0.0982740473115,2016-01-01
1288,985,E,54.6635028167,-1.38140404483,2016-01-01
1008,981,E,54.9345717036,-2.15759845467,2016-01-01
807,977,E,51.6074044662,-2.57900306693,2016-01-01
1441,976,E,51.6930609698,-0.843992055441,2016-01-01
564,974,W,52.2308157565,-3.31918497433,2016-01-01
979,969,E,52.3279997015,-2.14815868512,2016-01-01
1398,969,E,51.7842919157,-0.986633346282,2016-01-01
1805,967,E,52.6578409993,0.659896516419,2016-01-01
1788,963,E,51.1309882294,0.571191849049,2016-01-01
1688,960,E,52.1305776571,0.0439007558573,2016-01-01
1093,958,E,52.0582928338,-1.8555620984,2016-01-01
1443,957,E,51.8728447548,-0.8393885004,2016-01-01
1579,950,E,52.5866856602,-0.377795401011,2016-01-01
1894,947,E,52.7328567128,1.25703979432,2016-01-01
1549,942,E,53.6669247963,-0.487960813902,2016-01-01
640,942,E,51.0650482428,-3.00033837284,2016-01-01
592,941,E,50.7940227545,-3.13642531213,2016-01-01
1359,941,E,52.3248254028,-1.12106206659,2016-01-01
1356,938,E,52.0551448962,-1.12636281039,2016-01-01
1156,936,E,52.6873245548,-1.70556159333,2016-01-01
1409,935,E,52.7730630203,-0.963830094684,2016-01-01
219,926,E,50.4057540595,-4.81592323475,2016-01-01
1548,924,E,53.5770738359,-0.491168735987,2016-01-01
909,918,E,51.0689782806,-2.28681568463,2016-01-01
612,914,W,52.6817658414,-3.18480725108,2016-01-01
279,914,W,53.2896218669,-4.55186404838,2016-01-01
762,907,E,52.3258045541,-2.73507064591,2016-01-01
1053,905,E,53.6764672212,-2.00147619426,2016-01-01
516,904,W,51.4201621883,-3.43952688598,2016-01-01
153,903,E,50.2070831934,-5.50506269687,2016-01-01
323,897,E,50.5105255095,-4.11688486969,2016-01-01
1695,893,E,52.7594720648,0.0732247865243,2016-01-01
1457,889,E,53.1311684538,-0.805772354858,2016-01-01
1432,883,E,50.8839617445,-0.864127732828,2016-01-01
1694,880,E,52.6696348373,0.0689689623533,2016-01-01
1710,880,E,51.2294818741,0.146955110833,2016-01-01
1491,876,E,52.2308533406,-0.683652411703,2016-01-01
1670,876,E,53.7501622442,-0.0299741060321,2016-01-01
575,871,W,53.2194015649,-3.34937025238,2016-01-01
674,868,E,54.2109353336,-3.07481459716,2016-01-01
1764,867,E,51.1340415193,0.428412800922,2016-01-01
1832,851,E,52.834006892,0.819132983086,2016-01-01
1561,840,E,50.9689252162,-0.434794620691,2016-01-01
213,838,W,51.8390151141,-5.04970376078,2016-01-01
1152,833,E,52.3277326297,-1.70795260113,2016-01-01
1142,827,E,51.4286559229,-1.71371505695,2016-01-01
549,824,E,50.7026503113,-3.27582531573,2016-01-01
536,822,W,53.2176118423,-3.49908497625,2016-01-01
1049,815,E,53.3169308023,-2.00146154418,2016-01-01
862,812,E,51.6979378125,-2.43546777001,2016-01-01
266,806,E,50.5949070681,-4.40327392503,2016-01-01
1431,806,E,50.7940545278,-0.866307987701,2016-01-01
971,805,E,51.6087426641,-2.14580151104,2016-01-01
345,798,W,53.2956628132,-4.25208748945,2016-01-01
1535,792,E,52.4088755691,-0.531344460786,2016-01-01
1846,791,E,52.0223538896,0.91356416026,2016-01-01
1037,790,E,52.2381903241,-2.00141940849,2016-01-01
866,781,E,52.0575625923,-2.43895802265,2016-01-01
1811,779,E,50.948118363,0.703464533941,2016-01-01
1784,773,E,52.9304887286,0.52778315182,2016-01-01
178,772,E,50.1254039071,-5.21921232822,2016-01-01
334,771,W,51.7685246583,-4.17524495884,2016-01-01
1462,769,E,53.5805009485,-0.793146609813,2016-01-01
1136,768,E,50.8891431127,-1.7170316922,2016-01-01
228,763,E,50.3192397404,-4.67031258528,2016-01-01
832,760,E,53.8546778069,-2.60957850458,2016-01-01
964,759,E,50.979319936,-2.14381786394,2016-01-01
1374,752,E,53.6730367518,-1.09325566822,2016-01-01
1667,752,E,53.4806737829,-0.0424828342061,2016-01-01
1261,752,E,52.2367454935,-1.41567798554,2016-01-01
1211,752,E,52.6868651661,-1.55762806867,2016-01-01
1774,751,E,52.0323508728,0.476798497803,2016-01-01
253,746,W,52.11893482,-4.63051186689,2016-01-01
961,746,E,50.7095464391,-2.14298935936,2016-01-01
1826,738,E,52.2952625114,0.784778560588,2016-01-01
1908,735,E,52.4594804382,1.38404579292,2016-01-01
1655,726,E,52.4025777398,-0.0905551767006,2016-01-01
1898,723,E,51.2028831144,1.29106076852,2016-01-01
880,722,E,53.3160744856,-2.45176985274,2016-01-01
1563,720,E,51.1487007183,-0.428721098026,2016-01-01
1580,720,E,52.6765467938,-0.374468397409,2016-01-01
1880,716,E,51.2068188029,1.14814799615,2016-01-01
1019,712,E,50.6197068643,-2.00136091948,2016-01-01
865,712,E,51.967658487,-2.43807861118,2016-01-01
976,711,E,52.0582886828,-2.14726316299,2016-01-01
867,710,E,52.1474653064,-2.43984205269,2016-01-01
429,710,E,50.5174497324,-3.6940008213,2016-01-01
291,704,E,50.5078763586,-4.25780710534,2016-01-01
637,702,E,50.7953188287,-2.99456748325,2016-01-01
1620,700,E,52.6744270692,-0.226636126912,2016-01-01
855,700,E,51.0685406845,-2.42953163136,2016-01-01
1140,699,E,51.2488239014,-1.71483201923,2016-01-01
1301,699,E,51.3368996443,-1.28363335487,2016-01-01
1416,686,E,53.4021907611,-0.948611329759,2016-01-01
1160,684,E,53.0468944436,-1.70311932115,2016-01-01
1588,684,E,53.3953811619,-0.347205193254,2016-01-01
582,680,E,54.6570275893,-3.39658927512,2016-01-01
1852,675,E,52.5610623087,0.94915200032,2016-01-01
824,670,E,53.1356448402,-2.59934828105,2016-01-01
1148,666,E,51.9681185931,-1.71029376921,2016-01-01
1344,666,E,50.9762946369,-1.14675611996,2016-01-01
768,666,E,52.865146432,-2.74415651302,2016-01-01
247,662,E,50.8614195669,-4.55906907062,2016-01-01
1819,662,E,51.6666453609,0.746043410747,2016-01-01
1101,661,E,52.7774947695,-1.85319721413,2016-01-01
1685,659,E,51.8610273519,0.0316597788537,2016-01-01
1469,652,E,54.2095058408,-0.774887290455,2016-01-01
1466,650,E,53.9399409593,-0.782797872963,2016-01-01
1625,649,E,53.1236753283,-0.208197844253,2016-01-01
905,636,E,50.7092864097,-2.2846132883,2016-01-01
1553,631,E,54.0263137392,-0.474953892864,2016-01-01
1349,626,E,51.425840559,-1.13841275532,2016-01-01
1496,625,E,52.6802331975,-0.670184371191,2016-01-01
1736,625,E,50.9572199715,0.276779294139,2016-01-01
1036,623,E,52.1482863531,-2.00141601517,2016-01-01
1662,621,E,53.0314947343,-0.0628873126097,2016-01-01
804,619,E,51.3376729982,-2.57559698018,2016-01-01
1229,617,E,54.3047295182,-1.54047186832,2016-01-01
1107,611,E,53.3168385476,-1.8513564779,2016-01-01
1601,611,E,50.9669308511,-0.292443202437,2016-01-01
1753,600,E,52.4844622618,0.354836035713,2016-01-01
1890,597,E,52.3738394777,1.23053949127,2016-01-01
1121,597,E,54.5751168181,-1.84682227982,2016-01-01
478,594,W,51.7778218329,-3.59584015772,2016-01-01
927,593,E,52.6873160667,-2.29731161915,2016-01-01
1835,592,E,50.9447384833,0.845641357915,2016-01-01
1822,591,E,51.9360634913,0.762470918424,2016-01-01
823,590,E,53.0457594924,-2.59810014956,2016-01-01
1842,589,E,51.6631780559,0.890452348472,2016-01-01
1722,589,E,52.3076316958,0.198740821498,2016-01-01
1145,589,E,51.6983935116,-1.71201776466,2016-01-01
1911,587,E,52.7287003985,1.40487381022,2016-01-01
920,587,E,52.0580158772,-2.29311213531,2016-01-01
1508,586,E,53.7585949294,-0.636360003518,2016-01-01
780,581,E,53.9436791044,-2.76322558505,2016-01-01
1192,581,E,50.9786331997,-1.57404579028,2016-01-01
1691,580,E,52.4001134901,0.0563357796435,2016-01-01
574,579,W,53.1295374806,-3.34655256029,2016-01-01
387,577,E,50.2456540412,-3.82460120544,2016-01-01
432,576,E,50.7871142774,-3.70373112568,2016-01-01
1634,575,E,53.93222466,-0.173737579849,2016-01-01
1533,571,E,52.229130349,-0.537282992771,2016-01-01
1350,570,E,51.5157454564,-1.13671806969,2016-01-01
1518,570,E,50.8808503146,-0.579901088861,2016-01-01
1617,569,E,52.4048595395,-0.237466581802,2016-01-01
1383,565,E,54.4818115513,-1.07545990271,2016-01-01
870,564,E,52.4171651115,-2.44252217855,2016-01-01
1329,556,E,53.8538311609,-1.24137786924,2016-01-01
1404,556,E,52.3236431407,-0.97435896134,2016-01-01
1782,555,E,52.7508749399,0.517369478967,2016-01-01
712,551,E,52.6843540774,-2.88900980405,2016-01-01
615,550,W,52.9513910628,-3.19216452723,2016-01-01
1183,550,E,55.113997799,-1.68800351705,2016-01-01
1786,550,E,50.9513252868,0.561260983211,2016-01-01
1446,547,E,52.1425095138,-0.832392384515,2016-01-01
378,546,W,52.9390817459,-4.084695279,2016-01-01
1718,546,E,51.9482746505,0.181117788544,2016-01-01
1838,546,E,51.2141670107,0.862229246633,2016-01-01
1814,545,E,51.2175793575,0.719226113016,2016-01-01
1675,543,E,50.9624219879,-0.00779250874573,2016-01-01
1165,541,E,53.4963259361,-1.69999212876,2016-01-01
623,536,E,54.2094699973,-3.22810891891,2016-01-01
1412,530,E,53.0426977663,-0.95737740589,2016-01-01
1859,528,E,51.0309857251,0.993564815965,2016-01-01
970,527,E,51.5188293023,-2.14551371809,2016-01-01
1922,527,E,52.3654517379,1.5237765884,2016-01-01
463,525,E,50.3396200103,-3.54713259039,2016-01-01
1676,525,E,51.0522897394,-0.00393827863387,2016-01-01
308,521,W,52.933490402,-4.38203892939,2016-01-01
772,521,E,53.224679649,-2.75037674523,2016-01-01
554,521,E,51.1521550828,-3.28818500028,2016-01-01
1300,519,E,51.2469888102,-1.28503061247,2016-01-01
926,519,E,52.5974201813,-2.29670215227,2016-01-01
344,518,W,53.2058443414,-4.2473728882,2016-01-01
1891,517,E,52.4635967212,1.23711221324,2016-01-01
1686,515,E,51.9508790608,0.0357187927903,2016-01-01
649,515,W,51.8741585123,-3.01819676055,2016-01-01
357,511,E,50.7826261057,-3.98728928082,2016-01-01
1203,509,E,51.9676709004,-1.56473979524,2016-01-01
678,508,E,54.5703540077,-3.08425216302,2016-01-01
1507,508,E,53.6687395202,-0.63926278097,2016-01-01
1163,503,E,53.316557446,-1.7012530861,2016-01-01
779,502,E,53.8538090421,-2.76158890349,2016-01-01
1727,501,E,52.7567910228,0.221297811008,2016-01-01
1123,501,E,54.7548492445,-1.84614570066,2016-01-01
1147,496,E,51.8782116205,-1.71087143558,2016-01-01
1851,492,E,52.4712822,0.943142402359,2016-01-01
235,492,W,51.7563751808,-4.75428984862,2016-01-01
1656,492,E,52.4924277592,-0.0866651393485,2016-01-01
1536,491,E,52.4987459362,-0.528351642716,2016-01-01
1198,490,E,51.5181292735,-1.56903561938,2016-01-01
1730,490,E,53.1160888402,0.239779056348,2016-01-01
1664,487,E,53.211171094,-0.0547910755294,2016-01-01
330,486,E,51.1395651278,-4.14553934662,2016-01-01
1282,486,E,54.1243102846,-1.38945905544,2016-01-01
1787,486,E,51.0411576274,0.566213665879,2016-01-01
1477,485,E,50.9723935808,-0.719542565188,2016-01-01
591,484,E,50.7041141742,-3.13424993963,2016-01-01
207,482,E,50.402264481,-4.95645723955,2016-01-01
300,479,W,51.6759169416,-4.31544746521,2016-01-01
928,479,E,52.7772105748,-2.29792432641,2016-01-01
1762,478,E,50.9543591798,0.419032103495,2016-01-01
763,478,E,52.4156983791,-2.73656501344,2016-01-01
1709,476,E,51.1396254145,0.142783359964,2016-01-01
220,476,E,50.4955760199,-4.82126432307,2016-01-01
694,475,E,51.0661826249,-2.85764808717,2016-01-01
1433,473,E,50.9738674994,-0.861936274648,2016-01-01
783,472,E,54.2132809687,-2.76818946859,2016-01-01
1497,470,E,52.7701047536,-0.66744776296,2016-01-01
1799,469,E,52.1190096783,0.627685512737,2016-01-01
1895,469,E,52.8226061202,1.26375295101,2016-01-01
1141,466,E,51.338740609,-1.71427498144,2016-01-01
1262,466,E,52.3266434228,-1.41449484136,2016-01-01
1417,462,E,53.4920604441,-0.946390234067,2016-01-01
1924,456,E,52.5449100502,1.53814741635,2016-01-01
1046,456,E,53.0472641765,-2.00145075935,2016-01-01
1249,456,E,51.157861075,-1.429403949,2016-01-01
1861,452,E,51.2105801311,1.00520368191,2016-01-01
864,449,E,51.8777529892,-2.43720378631,2016-01-01
1257,447,E,51.877139794,-1.42034896331,2016-01-01
791,446,E,54.9321584512,-2.78183324013,2016-01-01
1892,446,E,52.5533520102,1.243719674,2016-01-01
815,443,E,52.3266266615,-2.58835051287,2016-01-01
861,440,E,51.6080281314,-2.43460651613,2016-01-01
1461,440,E,53.4906373392,-0.795698996968,2016-01-01
726,440,E,53.9426143374,-2.91555356249,2016-01-01
1877,436,E,52.9163515507,1.12202359256,2016-01-01
1200,436,E,51.6979501092,-1.56733069658,2016-01-01
1737,433,E,51.0470711206,0.281183055333,2016-01-01
1700,433,E,53.2086340174,0.0948468578327,2016-01-01
366,430,W,51.8609696474,-4.03446829384,2016-01-01
1199,429,E,51.6080403895,-1.56818537199,2016-01-01
933,428,E,53.2266624969,-2.30103728347,2016-01-01
1925,427,E,52.6346361064,1.54538988598,2016-01-01
1177,427,E,54.5748225176,-1.69213218723,2016-01-01
693,425,E,50.9762706551,-2.855990216,2016-01-01
1860,421,E,51.1207838608,0.999369289838,2016-01-01
1420,419,E,53.7616609492,-0.939654581242,2016-01-01
454,419,W,53.1236236128,-3.79470809633,2016-01-01
415,418,W,53.0314388933,-3.94001102557,2016-01-01
1874,418,E,52.6470647529,1.10279459699,2016-01-01
430,417,E,50.6073394606,-3.69722772324,2016-01-01
180,417,E,50.3049877593,-5.23133248063,2016-01-01
811,416,E,51.9670267674,-2.58362791207,2016-01-01
1591,416,E,53.6649189895,-0.336676241944,2016-01-01
1162,414,E,53.2266711488,-1.7018785004,2016-01-01
1332,413,E,54.1234374003,-1.23646359301,2016-01-01
854,413,E,50.9786212076,-2.42870097893,2016-01-01
328,412,E,50.9598476839,-4.13724726263,2016-01-01
1909,412,E,52.5492224377,1.39095182306,2016-01-01
313,411,W,53.382543743,-4.40704398876,2016-01-01
369,411,W,52.1305194042,-4.04672935001,2016-01-01
1308,410,E,51.9662358617,-1.27364702573,2016-01-01
1812,410,E,51.0379404731,0.708691425161,2016-01-01
1725,405,E,52.577132228,0.212203430547,2016-01-01
907,404,E,50.8891351427,-2.28570884137,2016-01-01
653,404,E,52.2337256265,-3.0264063485,2016-01-01
812,403,E,52.0569288391,-2.58479929147,2016-01-01
1197,401,E,51.4282167602,-1.569881469,2016-01-01
1696,400,E,52.8493076807,0.0775032573594,2016-01-01
1905,400,E,52.1902424052,1.36354449236,2016-01-01
1501,400,E,53.1295762774,-0.656354574076,2016-01-01
803,396,E,51.2477596959,-2.57447331554,2016-01-01
746,395,E,50.8873113666,-2.71219197986,2016-01-01
301,395,W,51.765754529,-4.32004365007,2016-01-01
1545,395,E,53.3075120094,-0.500689384891,2016-01-01
1490,395,E,52.1409729505,-0.686303719499,2016-01-01
268,395,E,50.7746025797,-4.41247687055,2016-01-01
1505,391,E,53.4890243058,-0.645021477229,2016-01-01
1763,389,E,51.0442012002,0.423710406348,2016-01-01
166,385,E,50.1214437658,-5.35887009099,2016-01-01
254,385,W,52.8373605454,-4.67374369722,2016-01-01
1345,384,E,51.0662066819,-1.1451045933,2016-01-01
764,382,E,52.5055907979,-2.73806728349,2016-01-01
1310,381,E,52.1460335008,-1.27072619368,2016-01-01
1622,380,E,52.8541310167,-0.219319631295,2016-01-01
1849,380,E,52.2917164223,0.931217812543,2016-01-01
1083,378,E,51.1591659818,-1.85838229778,2016-01-01
821,377,E,52.8659846329,-2.59562378378,2016-01-01
1401,377,E,52.0539739967,-0.980544368206,2016-01-01
1205,371,E,52.1474777985,-1.5629898197,2016-01-01
1651,371,E,52.0431618909,-0.105912257883,2016-01-01
681,370,E,54.8399031641,-3.09146812187,2016-01-01
304,368,W,52.0352572392,-4.33397679285,2016-01-01
1519,367,E,50.9707461403,-0.577161544258,2016-01-01
1813,367,E,51.1277608052,0.713945224069,2016-01-01
1137,365,E,50.9790654055,-1.71648600724,2016-01-01
1870,363,E,52.2879889825,1.07762589561,2016-01-01
550,363,E,50.7925542261,-3.27827198121,2016-01-01
206,360,E,50.3124517596,-4.9508789356,2016-01-01
376,359,W,52.7594125062,-4.07610146494,2016-01-01
1390,358,E,51.0650763078,-1.00241409766,2016-01-01
1285,356,E,54.393912711,-1.38546474084,2016-01-01
242,355,E,50.4122242789,-4.53477541955,2016-01-01
1459,355,E,53.3109057876,-0.800762717664,2016-01-01
1307,354,E,51.8763349268,-1.27509602003,2016-01-01
1872,352,E,52.4675306739,1.09014389513,2016-01-01
709,352,E,52.4146908445,-2.88357536536,2016-01-01
1103,351,E,52.957281505,-1.85259017521,2016-01-01
636,350,E,50.7054061307,-2.99266347825,2016-01-01
748,349,E,51.0671428403,-2.71494925428,2016-01-01
396,348,E,51.0545862192,-3.85622109676,2016-01-01
1698,346,E,53.0289740755,0.0861287859506,2016-01-01
510,344,E,50.7909132778,-3.42010609969,2016-01-01
915,343,E,51.6084742009,-2.29020550369,2016-01-01
1660,343,E,52.8518120571,-0.0708975950235,2016-01-01
1463,341,E,53.6703631144,-0.790580405239,2016-01-01
1299,341,E,51.1570765586,-1.28642067926,2016-01-01
1410,337,E,52.8629426992,-0.961690639665,2016-01-01
1194,336,E,51.1584708265,-1.57239292971,2016-01-01
1854,332,E,52.7406169543,0.961266917778,2016-01-01
1623,332,E,52.9439806686,-0.215632114529,2016-01-01
265,330,E,50.5050567675,-4.39870752268,2016-01-01
1833,330,E,52.9237912794,0.824965614488,2016-01-01
603,329,W,51.8728117636,-3.16342228015,2016-01-01
1931,327,E,52.3609855039,1.67033951924,2016-01-01
583,326,E,54.7468667877,-3.39967997456,2016-01-01
705,326,E,52.0551199935,-2.87646184113,2016-01-01
919,326,E,51.9681103173,-2.29252472375,2016-01-01
1824,325,E,52.115666601,0.77356631336,2016-01-01
1783,324,E,52.8406826977,0.52256248051,2016-01-01
1204,323,E,52.057575045,-1.56386709932,2016-01-01
231,323,E,50.5887372691,-4.68553866663,2016-01-01
836,322,E,54.2141612057,-2.61486230116,2016-01-01
1589,321,E,53.4852286227,-0.343714444654,2016-01-01
1926,319,E,52.7243600908,1.55267075106,2016-01-01
1578,318,E,52.4968230067,-0.381104849645,2016-01-01
820,318,E,52.7760951188,-2.59439545529,2016-01-01
1779,317,E,52.4814413191,0.501954546477,2016-01-01
1745,317,E,51.7658202542,0.317242781099,2016-01-01
342,314,W,53.0262024423,-4.23801903501,2016-01-01
962,314,E,50.7994723342,-2.14326411462,2016-01-01
876,314,E,52.9565273053,-2.44801158822,2016-01-01
696,313,E,51.2460022715,-2.86098952955,2016-01-01
1509,312,E,53.8484488741,-0.633441454065,2016-01-01
1503,312,E,53.3093032263,-0.650718446327,2016-01-01
1089,311,E,51.6986587375,-1.85670779962,2016-01-01
1855,311,E,52.8303914866,0.967372689931,2016-01-01
1360,309,E,52.4147160642,-1.11927648611,2016-01-01
947,307,E,54.4849462065,-2.31021351033,2016-01-01
390,306,E,50.5153122514,-3.83498036962,2016-01-01
1029,306,E,51.5189198625,-2.00139274691,2016-01-01
729,306,E,54.2122056686,-2.92150750729,2016-01-01
1875,306,E,52.7368289309,1.10917029787,2016-01-01
714,305,E,52.8641224816,-2.8926810554,2016-01-01
1776,304,E,52.2119922051,0.486781712586,2016-01-01
771,303,E,53.1347984427,-2.7488092002,2016-01-01
929,303,E,52.8671037067,-2.29854029711,2016-01-01
1749,302,E,52.1251546807,0.335842384787,2016-01-01
1543,302,E,53.1277966669,-0.506951786062,2016-01-01
639,300,E,50.9751398841,-2.99840486439,2016-01-01
1850,295,E,52.3815002371,0.937164413417,2016-01-01
1422,294,E,53.9413875083,-0.935102956029,2016-01-01
1747,294,E,51.9454908191,0.3264940094,2016-01-01
738,293,E,55.0209041999,-2.93996957463,2016-01-01
1330,293,E,53.9437012945,-1.23974868762,2016-01-01
1495,292,E,52.5903601703,-0.672906511138,2016-01-01
382,290,W,53.298400859,-4.10216033366,2016-01-01
760,290,E,52.146012682,-2.73210539795,2016-01-01
1149,290,E,52.0580241792,-1.7097130738,2016-01-01
466,290,E,50.6093125408,-3.55596352367,2016-01-01
380,289,W,53.1187445316,-4.09338112702,2016-01-01
1361,289,E,52.5046053066,-1.11748146318,2016-01-01
942,289,E,54.035589761,-2.30685580335,2016-01-01
1585,288,E,53.1258296674,-0.357565655088,2016-01-01
751,286,E,51.3368794068,-2.7191387352,2016-01-01
1773,286,E,51.9425276337,0.471845944136,2016-01-01
1423,285,E,54.0312486573,-0.932808516203,2016-01-01
1399,282,E,51.8741873813,-0.984614277662,2016-01-01
801,282,E,51.0679288662,-2.57224329518,2016-01-01
659,282,E,52.7730332231,-3.03904929042,2016-01-01
412,282,W,52.7619130397,-3.92800629084,2016-01-01
889,280,E,54.1249753208,-2.46052799234,2016-01-01
1407,278,E,52.5932993679,-0.968075085172,2016-01-01
1798,277,E,52.0291982997,0.622415051016,2016-01-01
1217,275,E,53.2262027338,-1.55209296066,2016-01-01
1706,275,E,50.8700462366,0.130396015621,2016-01-01
136,274,E,50.1130205236,-5.63808901929,2016-01-01
894,273,E,54.5743168922,-2.46558243693,2016-01-01
713,273,E,52.7742389873,-2.89084055481,2016-01-01
908,272,E,50.9790574106,-2.28626084221,2016-01-01
524,271,W,52.1392138702,-3.46260135064,2016-01-01
584,269,E,54.8367045277,-3.40278782896,2016-01-01
605,268,W,52.0525895159,-3.16808752404,2016-01-01
799,268,E,50.8880923974,-2.57003609439,2016-01-01
1376,266,E,53.8527742973,-1.0893761129,2016-01-01
1755,266,E,52.6641059648,0.364484106609,2016-01-01
1048,265,E,53.2270432922,-2.00145793016,2016-01-01
822,262,E,52.955872757,-2.59685866625,2016-01-01
770,259,E,53.0449158385,-2.74725001954,2016-01-01
1504,258,E,53.3991644994,-0.647877621901,2016-01-01
701,257,W,51.6955263793,-2.86949580032,2016-01-01
1537,255,E,52.5886148083,-0.525342975553,2016-01-01
1293,254,E,50.6175732343,-1.29461276585,2016-01-01
1464,254,E,53.7602238377,-0.788000282347,2016-01-01
745,251,E,50.7973934987,-2.71082391261,2016-01-01
925,250,E,52.5075229172,-2.29609590294,2016-01-01
1248,249,E,51.0679449054,-1.43050970838,2016-01-01
1176,249,E,54.4849552572,-1.69280706776,2016-01-01
272,248,W,51.8526326369,-4.46972610724,2016-01-01
654,248,W,52.3236138123,-3.02848580576,2016-01-01
389,247,E,50.4254277529,-3.83150305843,2016-01-01
1836,246,E,51.0345498126,0.85114227702,2016-01-01
1731,242,E,53.2059091706,0.244461322174,2016-01-01
1193,242,E,51.0685527142,-1.57322148531,2016-01-01
1590,238,E,53.5750745652,-0.340204839973,2016-01-01
1405,238,E,52.413529984,-0.972275379445,2016-01-01
1583,236,E,52.9461210762,-0.364380805831,2016-01-01
1847,236,E,52.1121432463,0.919417901701,2016-01-01
1586,235,E,53.2156816844,-0.354130664544,2016-01-01
311,234,W,53.20292748,-4.3969616236,2016-01-01
312,234,W,53.2927364578,-4.40198928746,2016-01-01
965,232,E,51.0692416444,-2.1440968771,2016-01-01
818,231,E,52.5963119165,-2.59195827492,2016-01-01
551,227,E,50.8824566604,-3.28073119743,2016-01-01
229,227,E,50.4090740175,-4.6753621809,2016-01-01
1303,224,E,51.516717063,-1.28081707037,2016-01-01
1118,222,E,54.3055080878,-1.8478232634,2016-01-01
1185,222,E,55.2937121554,-1.68659635753,2016-01-01
1582,220,E,52.8562645016,-0.36776122613,2016-01-01
869,220,E,52.3272665649,-2.4416240979,2016-01-01
1260,219,E,52.146846167,-1.41685492687,2016-01-01
1252,218,E,51.4276011349,-1.4260522488,2016-01-01
898,216,E,54.9337657238,-2.46972749763,2016-01-01
941,214,E,53.9457144038,-2.30619520327,2016-01-01
1455,214,E,52.9514253321,-0.81072868075,2016-01-01
208,212,E,50.4920753543,-4.96206393275,2016-01-01
215,212,W,52.0185751989,-5.0619112966,2016-01-01
1830,210,E,52.6544326727,0.807560206779,2016-01-01
1781,210,E,52.6610654566,0.512203951605,2016-01-01
1458,209,E,53.2210378438,-0.803274248081,2016-01-01
1026,208,E,51.2491705773,-2.0013830281,2016-01-01
1413,208,E,53.1325731561,-0.955203463089,2016-01-01
1067,207,E,54.934674178,-2.00153003104,2016-01-01
695,206,E,51.1560931635,-2.85931450567,2016-01-01
1258,206,E,51.9670433183,-1.41919037321,2016-01-01
339,205,W,52.2177322936,-4.19713518701,2016-01-01
1888,205,E,52.1943191395,1.21749729536,2016-01-01
267,204,E,50.6847556725,-4.40786365558,2016-01-01
1520,204,E,51.0606404663,-0.574407902158,2016-01-01
553,203,E,51.0622570883,-3.28568762119,2016-01-01
491,203,W,52.946073967,-3.63851133718,2016-01-01
274,201,W,52.0322803862,-4.47961874781,2016-01-01
706,201,E,52.1450148382,-2.87822623499,2016-01-01
1311,200,E,52.2359302068,-1.26925424952,2016-01-01
1090,198,E,51.7885693384,-1.85642361246,2016-01-01
569,198,W,52.6801950133,-3.33268743224,2016-01-01
1122,198,E,54.664983703,-1.84648492518,2016-01-01
1396,197,E,51.6044966649,-0.990640075042,2016-01-01
1030,197,E,51.6088335146,-2.00139601982,2016-01-01
1500,196,E,53.0397106004,-0.659150094533,2016-01-01
1576,196,E,52.3170931392,-0.38767157401,2016-01-01
1202,196,E,51.8777653636,-1.56560793919,2016-01-01
715,195,W,52.9540045611,-2.89453137538,2016-01-01
1594,195,E,53.934443155,-0.325975094541,2016-01-01
1331,194,E,54.0335700406,-1.23811061742,2016-01-01
1126,193,E,55.0244378237,-1.84511666604,2016-01-01
1251,192,E,51.3376891888,-1.42717525829,2016-01-01
1780,191,E,52.5712542492,0.507065704723,2016-01-01
1921,190,E,52.2757194895,1.51664769898,2016-01-01
392,189,E,50.6950765319,-3.84198834915,2016-01-01
414,189,W,52.9415985218,-3.93598812519,2016-01-01
629,187,E,54.7485602501,-3.24437235574,2016-01-01
1065,186,E,54.7549464728,-2.00152208633,2016-01-01
352,185,E,50.3332481959,-3.96847317155,2016-01-01
1450,185,E,52.5020421698,-0.822891192002,2016-01-01
388,184,E,50.3355416828,-3.82804337586,2016-01-01
914,184,E,51.5185616973,-2.28963320094,2016-01-01
813,183,E,52.1468295113,-2.58597682268,2016-01-01
785,182,E,54.3930086211,-2.77154425756,2016-01-01
1808,182,E,52.9272328325,0.676389130823,2016-01-01
469,182,E,50.878991367,-3.56493059825,2016-01-01
656,181,W,52.503385878,-3.03267772587,2016-01-01
374,181,W,52.5797368169,-4.06759838569,2016-01-01
1595,180,E,54.0242815083,-0.322369122911,2016-01-01
1063,179,E,54.5752134057,-2.00151422831,2016-01-01
1546,178,E,53.3973674429,-0.497532897267,2016-01-01
1171,177,E,54.0355986665,-1.69612643825,2016-01-01
276,176,W,52.840610174,-4.52544445042,2016-01-01
1724,176,E,52.4873003618,0.20769220049,2016-01-01
755,175,W,51.6965083282,-2.72482676801,2016-01-01
1172,175,E,54.1254726946,-1.6954698114,2016-01-01
1255,175,E,51.6973285409,-1.42264808703,2016-01-01
572,175,W,52.9498049043,-3.34096216124,2016-01-01
630,174,E,54.8384036027,-3.24713566027,2016-01-01
1587,173,E,53.3055321825,-0.350677221689,2016-01-01
1752,171,E,52.3946378868,0.350050076829,2016-01-01
856,170,E,51.1584587591,-2.43036656674,2016-01-01
1699,168,E,53.1188048534,0.0904761711236,2016-01-01
431,168,E,50.6972276423,-3.70047112118,2016-01-01
1831,168,E,52.7442206891,0.813331253285,2016-01-01
250,166,W,51.8494961243,-4.61476274039,2016-01-01
514,166,E,51.1504930824,-3.43111794973,2016-01-01
341,166,W,52.9363790167,-4.233379425,2016-01-01
1697,165,E,52.9391416845,0.0818045361974,2016-01-01
1541,162,E,52.9480753545,-0.513147557178,2016-01-01
410,162,W,52.5822212405,-3.92010874162,2016-01-01
596,162,E,51.1536424523,-3.14523915715,2016-01-01
1426,161,E,54.3008235931,-0.925849582402,2016-01-01
1547,161,E,53.4872213849,-0.494359388833,2016-01-01
393,161,E,50.7849563134,-3.84551925582,2016-01-01
730,160,E,54.3020666449,-2.92351394623,2016-01-01
1086,159,E,51.4289186125,-1.85755155135,2016-01-01
468,158,E,50.7890999475,-3.56192627757,2016-01-01
1161,158,E,53.1367834817,-1.70250057077,2016-01-01
1380,157,E,54.2122325545,-1.08148928165,2016-01-01
354,157,E,50.5130041594,-3.97594217196,2016-01-01
757,157,E,51.8763143041,-2.72771543052,2016-01-01
611,157,W,52.5918878668,-3.18238074374,2016-01-01
1032,156,E,51.7886566611,-2.00140261629,2016-01-01
952,156,E,54.9342688828,-2.31366492168,2016-01-01
707,156,E,52.234908261,-2.8799999102,2016-01-01
708,155,E,52.3248002629,-2.88178293178,2016-01-01
1889,154,E,52.2840802828,1.22400126543,2016-01-01
1658,153,E,52.6721230647,-0.0788231394936,2016-01-01
1703,153,E,53.4781118216,0.10810041293,2016-01-01
702,153,W,51.7854269198,-2.8712237067,2016-01-01
1408,153,E,52.6831819102,-0.965958216502,2016-01-01
561,153,W,51.9611705179,-3.31125234339,2016-01-01
1085,152,E,51.3390024599,-1.85782989873,2016-01-01
1807,152,E,52.8374373242,0.670862374982,2016-01-01
1044,151,E,52.8674795912,-2.00144366394,2016-01-01
177,150,E,50.0356090865,-5.2131980354,2016-01-01
1539,149,E,52.7683480692,-0.519277644377,2016-01-01
1575,149,E,52.2272259249,-0.390929092803,2016-01-01
1397,148,E,51.6943950104,-0.988641921388,2016-01-01
758,148,E,51.9662151739,-2.72917110382,2016-01-01
1629,145,E,53.4830460702,-0.193088356345,2016-01-01
816,145,E,52.4165231415,-2.58954675908,2016-01-01
1357,143,E,52.1450398197,-1.12460516365,2016-01-01
1542,142,E,53.0379367571,-0.510057940811,2016-01-01
1652,141,E,52.1330182183,-0.102103164871,2016-01-01
1748,141,E,52.0353235883,0.331155969425,2016-01-01
1452,140,E,52.6817997852,-0.818064863336,2016-01-01
1513,140,E,54.207850019,-0.621607203368,2016-01-01
910,138,E,51.1588977538,-2.2873733879,2016-01-01
1856,137,E,52.9201641553,0.973510976467,2016-01-01
1907,136,E,52.3697364307,1.37717606301,2016-01-01
1876,135,E,52.8265911978,1.11557988275,2016-01-01
787,135,E,54.5727307457,-2.77493610892,2016-01-01
1105,134,E,53.137062761,-1.85197662774,2016-01-01
868,134,E,52.2373666302,-2.44073073357,2016-01-01
1421,134,E,53.8515249392,-0.937384947384,2016-01-01
243,134,E,50.502066801,-4.53958476683,2016-01-01
443,134,W,51.9554997438,-3.74767460072,2016-01-01
277,133,W,52.9304159738,-4.53067216006,2016-01-01
275,133,W,52.1221016877,-4.48460399324,2016-01-01
1188,133,E,55.5632736664,-1.68445579609,2016-01-01
1702,131,E,53.3882875021,0.103658808501,2016-01-01
1465,131,E,53.850083119,-0.78540613923,2016-01-01
326,130,E,50.7801237081,-4.12903981462,2016-01-01
1624,130,E,53.0338287725,-0.211924899225,2016-01-01
711,129,E,52.5944677509,-2.88718873426,2016-01-01
527,128,W,52.4088335472,-3.47150624443,2016-01-01
798,128,E,50.7981720462,-2.56894095554,2016-01-01
1228,128,E,54.2148598011,-1.54146952223,2016-01-01
765,127,E,52.5954818116,-2.73957751187,2016-01-01
1244,127,E,50.7082661227,-1.43487640121,2016-01-01
337,127,W,52.0380541641,-4.18831034824,2016-01-01
252,126,W,52.0291236771,-4.62523469309,2016-01-01
1024,125,E,51.0693307697,-2.00137663104,2016-01-01
835,125,E,54.124292417,-2.61353052389,2016-01-01
1333,125,E,54.2133033747,-1.2348075481,2016-01-01
1669,125,E,53.6603343385,-0.0341662285718,2016-01-01
1577,124,E,52.4069588331,-0.384396866607,2016-01-01
699,124,W,51.5157210196,-2.86606682233,2016-01-01
526,124,W,52.3189618177,-3.46852231933,2016-01-01
1084,123,E,51.2490849166,-1.85810681096,2016-01-01
1129,122,E,55.2940143678,-1.84407028583,2016-01-01
1663,121,E,53.121333704,-0.0588500153774,2016-01-01
652,121,E,52.1438360043,-3.0243377908,2016-01-01
1428,119,E,54.4805331338,-0.92114634136,2016-01-01
1196,119,E,51.3383028486,-1.57072295084,2016-01-01
494,118,W,53.2156341223,-3.64878288499,2016-01-01
998,118,E,54.0358827603,-2.1541743904,2016-01-01
214,118,W,51.9287961008,-5.05579160328,2016-01-01
1253,118,E,51.517511675,-1.42492341049,2016-01-01
332,118,W,51.588830122,-4.16664744397,2016-01-01
841,117,E,54.6634845981,-2.62163190433,2016-01-01
1009,116,E,55.024433209,-2.15795138443,2016-01-01
394,116,E,50.874834522,-3.84906826783,2016-01-01
1355,116,E,51.9652485504,-1.12811127502,2016-01-01
1804,116,E,52.5680401861,0.654457001773,2016-01-01
1081,116,E,50.9793239335,-1.85892903366,2016-01-01
906,115,E,50.7992114761,-2.28515966303,2016-01-01
232,114,E,50.6785662404,-4.69066590068,2016-01-01
1057,114,E,54.0359819118,-2.00149116161,2016-01-01
358,112,E,50.872496886,-3.99111046025,2016-01-01
1104,112,E,53.0471728173,-1.85228422086,2016-01-01
1906,112,E,52.2799904186,1.37034237985,2016-01-01
1379,111,E,54.1223700918,-1.08347715096,2016-01-01
406,110,W,52.2228187001,-3.90456178559,2016-01-01
704,109,E,51.9652237261,-2.87470666422,2016-01-01
1472,109,E,54.47905778,-0.766845793761,2016-01-01
417,109,W,53.2111148955,-3.94812155824,2016-01-01
891,108,E,54.3047160301,-2.46253314591,2016-01-01
570,108,W,52.7700664479,-3.33543103254,2016-01-01
1425,108,E,54.2109666988,-0.92818192267,2016-01-01
789,107,E,54.7524473524,-2.77836558014,2016-01-01
797,106,E,50.7082502826,-2.56785140736,2016-01-01
1454,106,E,52.8615515991,-0.813187089167,2016-01-01
852,106,E,50.7987780434,-2.42705240789,2016-01-01
528,106,W,52.4987037809,-3.47450594332,2016-01-01
66,105,E,49.9096707143,-6.31938100299,2016-01-01
269,104,E,50.8644477883,-4.41711372755,2016-01-01
790,104,E,54.8423035897,-2.78009460052,2016-01-01
610,103,W,52.5020084407,-3.17996704326,2016-01-01
839,103,E,54.4837593462,-2.61890169934,2016-01-01
1230,103,E,54.3945978749,-1.53946872861,2016-01-01
295,102,E,50.8673034588,-4.2751345836,2016-01-01
853,102,E,50.8887003275,-2.42787458063,2016-01-01
1025,101,E,51.1592513693,-2.00137982143,2016-01-01
604,101,W,51.9627013676,-3.16574880475,2016-01-01
200,100,W,51.9249331882,-5.20099875784,2016-01-01
1074,99,E,55.5636791029,-2.00155853956,2016-01-01
581,98,E,54.5671869317,-3.39351560224,2016-01-01
651,98,E,52.053944945,-3.02228005685,2016-01-01
1628,98,E,53.393205707,-0.196896209196,2016-01-01
191,98,E,50.0393894736,-5.07376974239,2016-01-01
455,97,W,53.2134684552,-3.79846230356,2016-01-01
1701,97,E,53.2984615672,0.0992410138255,2016-01-01
377,97,W,52.8492479325,-4.08038694951,2016-01-01
217,97,E,50.2261047211,-4.80532202765,2016-01-01
335,96,W,51.8583694674,-4.17957738394,2016-01-01
1633,96,E,53.842392039,-0.177649776569,2016-01-01
1022,94,E,50.889485392,-2.00137029867,2016-01-01
1174,94,E,54.305216683,-1.69414574065,2016-01-01
356,93,E,50.6927537241,-3.9834875928,2016-01-01
1159,93,E,52.957004033,-1.70373477523,2016-01-01
1335,92,E,54.3930311726,-1.23146812833,2016-01-01
270,92,E,50.9542912972,-4.42177438569,2016-01-01
482,92,W,52.1373114063,-3.60866036535,2016-01-01
1554,92,E,54.1161572522,-0.471657708185,2016-01-01
837,92,E,54.3040286226,-2.61620138646,2016-01-01
613,91,W,52.7716423651,-3.18724665613,2016-01-01
1540,89,E,52.8582124586,-0.516220752851,2016-01-01
579,88,E,54.3875012367,-3.3874188292,2016-01-01
817,88,E,52.5064182261,-2.59074933154,2016-01-01
616,88,W,53.0412632381,-3.19464317946,2016-01-01
1346,87,E,51.1561172958,-1.14344455162,2016-01-01
1075,87,E,55.653531632,-2.00156270365,2016-01-01
427,86,E,50.3376656371,-3.6875960682,2016-01-01
533,86,W,52.9480325242,-3.48974497811,2016-01-01
593,85,E,50.8839298719,-3.13861184456,2016-01-01
1146,85,E,51.7883032604,-1.71144609383,2016-01-01
814,85,E,52.2367287851,-2.58716054868,2016-01-01
1919,84,E,52.0962488271,1.50250166042,2016-01-01
657,84,E,52.5932697594,-3.03479034402,2016-01-01
251,84,W,51.939310778,-4.61998504762,2016-01-01
294,84,E,50.7774491788,-4.27076947239,2016-01-01
324,83,E,50.6003932061,-4.12091587298,2016-01-01
676,82,E,54.3906475023,-3.07950746108,2016-01-01
471,82,E,51.0587696383,-3.5709856435,2016-01-01
1173,82,E,54.2153453663,-1.69480958777,2016-01-01
691,81,E,50.7964424188,-2.85269988604,2016-01-01
710,81,E,52.5045800069,-2.88537727722,2016-01-01
1424,81,E,54.1211083871,-0.93050153602,2016-01-01
1023,80,E,50.9794087776,-2.00137345682,2016-01-01
1552,80,E,53.9364687375,-0.478232165235,2016-01-01
628,79,E,54.6587154638,-3.24162430578,2016-01-01
205,79,E,50.2226371924,-4.94532883368,2016-01-01
370,78,W,52.2203661063,-4.05085935906,2016-01-01
292,78,E,50.5977356277,-4.26210588103,2016-01-01
560,78,W,51.8712858215,-3.30863568937,2016-01-01
677,77,E,54.4805014625,-3.08187328394,2016-01-01
433,77,E,50.8769993658,-3.70700784833,2016-01-01
1091,77,E,51.878478554,-1.85613794009,2016-01-01
655,77,E,52.4135005626,-3.03057623913,2016-01-01
897,77,E,54.8439055457,-2.46868260356,2016-01-01
221,77,E,50.5853961719,-4.82663264079,2016-01-01
573,76,W,53.0396719272,-3.343749899,2016-01-01
249,75,W,51.7596797175,-4.6095675831,2016-01-01
658,75,E,52.6831522075,-3.03691417236,2016-01-01
1132,74,E,55.5635789197,-1.84300615898,2016-01-01
236,74,W,51.8461809792,-4.75977222392,2016-01-01
1470,74,E,54.2993579242,-0.772221481506,2016-01-01
448,74,W,52.5845220358,-3.77259832285,2016-01-01
733,73,E,54.5716411868,-2.92959977584,2016-01-01
1512,73,E,54.1180019267,-0.624590010191,2016-01-01
293,73,E,50.6875932348,-4.26642662102,2016-01-01
512,73,E,50.9707061804,-3.42558376523,2016-01-01
1187,73,E,55.4734211638,-1.68517333363,2016-01-01
480,72,W,51.9575696625,-3.60221675957,2016-01-01
280,71,W,53.3794190065,-4.55723329608,2016-01-01
403,71,W,51.9532502296,-3.89311417477,2016-01-01
887,70,E,53.9452291578,-2.45854462423,2016-01-01
325,69,E,50.6902592725,-4.1249674753,2016-01-01
523,67,W,52.0493376515,-3.45966408971,2016-01-01
407,67,W,52.3126717023,-3.90841786883,2016-01-01
305,66,W,52.1250881219,-4.33866992854,2016-01-01
1120,66,E,54.4852485882,-1.84715777854,2016-01-01
1001,66,E,54.3055035916,-2.15518191775,2016-01-01
426,65,E,50.2477712702,-3.68441800091,2016-01-01
1626,65,E,53.2135203361,-0.204450807103,2016-01-01
1828,65,E,52.4748512072,0.796109300907,2016-01-01
246,65,E,50.7715839766,-4.55416062691,2016-01-01
391,64,E,50.6051951778,-3.83847542699,2016-01-01
842,63,E,54.7533451756,-2.6230083569,2016-01-01
226,62,W,51.9324800618,-4.91055259824,2016-01-01
1802,62,E,52.3884332664,0.643663786741,2016-01-01
960,61,E,50.6196191464,-2.14271600445,2016-01-01
375,60,W,52.6695754675,-4.07183866367,2016-01-01
525,59,W,52.2290885922,-3.4655540578,2016-01-01
943,59,E,54.1254637603,-2.30752001461,2016-01-01
1006,58,E,54.7548446747,-2.15689845033,2016-01-01
361,58,E,51.1420996149,-4.00269226558,2016-01-01
840,58,E,54.5736226555,-2.62026303735,2016-01-01
1596,58,E,54.1141183442,-0.318743450788,2016-01-01
271,58,W,51.7628061918,-4.46481835448,2016-01-01
327,57,E,50.8699865122,-4.13313303022,2016-01-01
244,57,E,50.5919075922,-4.54441864106,2016-01-01
359,57,E,50.9623660647,-3.99495126233,2016-01-01
1627,57,E,53.3033637957,-0.20068364386,2016-01-01
1068,56,E,55.0245360238,-2.00153403632,2016-01-01
562,55,W,52.0510537389,-3.31388271171,2016-01-01
470,55,E,50.9688812639,-3.56795035214,2016-01-01
1092,55,E,51.9683863854,-1.8558507722,2016-01-01
578,54,E,54.2976561981,-3.38439547874,2016-01-01
673,54,E,54.1210771232,-3.07248736514,2016-01-01
303,54,W,51.9454246787,-4.32930814707,2016-01-01
449,53,W,52.6743761701,-3.77623452459,2016-01-01
245,53,E,50.6817466512,-4.54927720599,2016-01-01
1806,52,E,52.7476400459,0.665364905834,2016-01-01
732,52,E,54.4817844029,-2.92755999778,2016-01-01
472,52,E,51.1486564902,-3.57403657753,2016-01-01
1451,52,E,52.591921703,-0.820484412945,2016-01-01
650,51,E,51.9640524479,-3.02023307156,2016-01-01
1841,51,E,51.5733795067,0.884749145464,2016-01-01
1467,51,E,54.0297973591,-0.780175379588,2016-01-01
336,51,W,51.9482126363,-4.18393246133,2016-01-01
238,50,W,52.0257871884,-4.77082311034,2016-01-01
950,50,E,54.7545438528,-2.31227288703,2016-01-01
1557,49,E,54.385678863,-0.461660348466,2016-01-01
534,48,W,53.0378937902,-3.49284169517,2016-01-01
631,48,E,54.9282455224,-3.24991433471,2016-01-01
675,48,E,54.3007921264,-3.07715459747,2016-01-01
954,47,E,55.1139885394,-2.31507252117,2016-01-01
1665,47,E,53.301006904,-0.0507103372263,2016-01-01
296,47,E,50.9571560739,-4.27952210448,2016-01-01
1005,47,E,54.664979148,-2.15655134644,2016-01-01
682,46,E,54.9297500597,-3.09390021521,2016-01-01
535,46,W,53.1277535628,-3.49595498818,2016-01-01
1427,45,E,54.3906790712,-0.923504420518,2016-01-01
1127,44,E,55.1142980069,-1.84476981947,2016-01-01
838,44,E,54.393894669,-2.61754783421,2016-01-01
368,44,W,52.0406710934,-4.04262093565,2016-01-01
1128,43,E,55.2041568544,-1.84442103102,2016-01-01
844,43,E,54.9330622403,-2.62578424835,2016-01-01
1704,43,E,53.6577556121,0.117055743811,2016-01-01
1511,42,E,54.0281523721,-0.627556574918,2016-01-01
416,42,W,53.1212776846,-3.94405545173,2016-01-01
409,41,W,52.4923729727,-3.91619120308,2016-01-01
703,41,W,51.8753260351,-2.87296064047,2016-01-01
1061,40,E,54.3954749645,-2.00150645569,2016-01-01
338,40,W,52.1278940501,-4.19271120339,2016-01-01
513,40,E,51.0606003813,-3.42834374487,2016-01-01
793,40,E,55.1118640522,-2.78533966958,2016-01-01
568,39,W,52.5903221071,-3.32995833676,2016-01-01
624,38,E,54.2993219645,-3.23078238559,2016-01-01
434,38,E,50.9668829073,-3.71030140175,2016-01-01
1108,37,E,53.4067243931,-1.85104389727,2016-01-01
402,37,W,51.863390919,-3.889338054,2016-01-01
1382,37,E,54.3919532832,-1.07748073911,2016-01-01
447,37,W,52.4048091221,-3.76538333584,2016-01-01
728,36,E,54.1223432926,-2.91951201733,2016-01-01
1011,36,E,55.2041522094,-2.15866317359,2016-01-01
487,35,W,52.5866391462,-3.62506872057,2016-01-01
680,35,E,54.7500548576,-3.08904948254,2016-01-01
734,35,E,54.6614965754,-2.93165083379,2016-01-01
1510,35,E,53.9383013548,-0.630507016841,2016-01-01
1066,35,E,54.8448109949,-2.00152604776,2016-01-01
1060,34,E,54.3056037248,-2.00150260101,2016-01-01
408,34,W,52.4025231265,-3.91229429364,2016-01-01
607,34,W,52.2323614472,-3.17280188736,2016-01-01
1515,34,E,54.3875418196,-0.615592380223,2016-01-01
211,33,W,51.6594474849,-5.0376227536,2016-01-01
198,33,W,51.7453940094,-5.18828002023,2016-01-01
1514,33,E,54.2976966498,-0.618608033951,2016-01-01
371,33,W,52.3102111992,-4.05501111389,2016-01-01
571,32,W,52.8599364114,-3.33818924082,2016-01-01
1334,32,E,54.3031679651,-1.23314241576,2016-01-01
563,31,W,52.140935485,-3.31652688987,2016-01-01
1130,31,E,55.3838705488,-1.84371756889,2016-01-01
379,30,W,53.0289139457,-4.08902661658,2016-01-01
530,30,W,52.6784397623,-3.48055310876,2016-01-01
395,30,E,50.9647111574,-3.85263550712,2016-01-01
1109,30,E,53.4966088753,-1.85072963001,2016-01-01
521,30,W,51.8695807228,-3.45383547908,2016-01-01
1728,29,E,52.8466179499,0.225881301989,2016-01-01
627,29,E,54.5688692428,-3.23889139623,2016-01-01
237,29,W,51.9359849823,-4.76528324495,2016-01-01
1015,29,E,55.653426391,-2.16047794872,2016-01-01
792,28,E,55.0220119383,-2.78358157191,2016-01-01
367,28,W,51.9508211742,-4.03853396634,2016-01-01
735,28,E,54.7513505699,-2.93371325649,2016-01-01
1071,28,E,55.2941135528,-2.00154618586,2016-01-01
1471,27,E,54.3892085703,-0.769541019046,2016-01-01
893,27,E,54.4844512966,-2.46456041002,2016-01-01
453,27,W,53.0337772216,-3.79097390905,2016-01-01
1115,26,E,54.0358872131,-1.84880791242,2016-01-01
273,26,W,51.9424573688,-4.47465951236,2016-01-01
1058,26,E,54.1258572,-2.00149495412,2016-01-01
452,26,W,52.9439292816,-3.78725959896,2016-01-01
397,26,E,51.1444597072,-3.85982516098,2016-01-01
529,25,W,52.5885725192,-3.47752152731,2016-01-01
1164,25,E,53.4064423747,-1.70062430369,2016-01-01
436,25,E,51.1466453494,-3.71693945664,2016-01-01
1062,24,E,54.4853448576,-2.0015103314,2016-01-01
1064,24,E,54.6650806103,-2.00151814656,2016-01-01
1010,24,E,55.114293377,-2.15830628573,2016-01-01
355,24,E,50.6028797418,-3.97970526613,2016-01-01
492,23,W,53.0359288719,-3.6419169156,2016-01-01
845,22,E,55.0229187302,-2.62718380344,2016-01-01
565,22,W,52.320694554,-3.32185706246,2016-01-01
953,22,E,55.024129382,-2.31436676106,2016-01-01
679,22,E,54.6602051391,-3.08664419624,2016-01-01
609,22,E,52.4121275625,-3.17756605964,2016-01-01
1119,22,E,54.395379012,-1.84749143518,2016-01-01
1133,22,E,55.653431113,-1.8426474352,2016-01-01
614,21,W,52.8615174387,-3.18969905063,2016-01-01
413,20,W,52.8517565705,-3.93198659748,2016-01-01
444,20,W,52.0453647157,-3.75117930067,2016-01-01
606,20,W,52.1424762088,-3.17043852298,2016-01-01
1116,18,E,54.1257621898,-1.84848148868,2016-01-01
1014,18,E,55.5635742133,-2.16011089694,2016-01-01
411,18,W,52.6720679296,-3.92404705512,2016-01-01
404,17,W,52.0431079635,-3.89691007826,2016-01-01
490,17,W,52.8562175421,-3.63512385627,2016-01-01
956,17,E,55.293702835,-2.31649592349,2016-01-01
892,16,E,54.394584343,-2.46354399357,2016-01-01
450,15,W,52.7642287558,-3.77989004607,2016-01-01
1381,15,E,54.3020936179,-1.07949050476,2016-01-01
531,14,W,52.7683055106,-3.48360080115,2016-01-01
435,14,E,51.0567649019,-3.71361189962,2016-01-01
951,14,E,54.8444070402,-2.31296697344,2016-01-01
833,14,E,53.9445507188,-2.61088867865,2016-01-01
1729,14,E,53.0262668593,0.235121749348,2016-01-01
1012,14,E,55.2940097075,-2.15902206321,2016-01-01
485,13,W,52.4069126129,-3.61845346267,2016-01-01
1002,13,E,54.3953745012,-2.15552145518,2016-01-01
625,12,E,54.389172494,-3.23347054743,2016-01-01
945,12,E,54.3052076908,-2.30885937791,2016-01-01
955,12,E,55.2038463566,-2.3157822319,2016-01-01
608,12,W,52.3222452316,-3.17517770377,2016-01-01
900,12,E,55.2033381596,-2.47289730943,2016-01-01
1007,12,E,54.8447088593,-2.15724748154,2016-01-01
1069,12,E,55.1143965338,-2.00153806377,2016-01-01
488,11,W,52.6765001319,-3.62840267454,2016-01-01
846,10,E,55.2026276323,-2.63000642743,2016-01-01
899,9,E,55.0236245512,-2.47077821702,2016-01-01
948,9,E,54.5748134374,-2.31089618403,2016-01-01
834,9,E,54.0344222551,-2.61220600083,2016-01-01
486,8,W,52.4967766399,-3.6217523578,2016-01-01
1004,8,E,54.5751122779,-2.15620615546,2016-01-01
1117,8,E,54.2156358142,-1.84815327677,2016-01-01
1013,8,E,55.3838658732,-2.15938296994,2016-01-01
484,8,W,52.317047065,-3.61517191283,2016-01-01
479,8,W,51.8676965085,-3.59902014107,2016-01-01
1131,7,E,55.4737253989,-1.84336286505,2016-01-01
949,7,E,54.6646793191,-2.31158263346,2016-01-01
442,7,W,51.865633224,-3.74418816809,2016-01-01
1059,7,E,54.2157311371,-2.00149876721,2016-01-01
1070,6,E,55.2042557096,-2.00154211356,2016-01-01
626,6,E,54.4790215865,-3.23617351407,2016-01-01
566,6,W,52.410571878,-3.32454325258,2016-01-01
493,6,W,53.125782257,-3.64534072122,2016-01-01
944,5,E,54.2153364031,-2.30818786379,2016-01-01
481,5,W,52.0474412951,-3.60543012878,2016-01-01
890,5,E,54.2148463565,-2.46152782578,2016-01-01
1757,5,E,52.8437429316,0.374234916575,2016-01-01
580,5,E,54.4773448144,-3.39045882886,2016-01-01
946,4,E,54.3950776247,-2.30953458423,2016-01-01
895,4,E,54.6641811313,-2.4666101164,2016-01-01
1000,4,E,54.2156313326,-2.15484423693,2016-01-01
1003,3,E,54.4852440628,-2.15586286308,2016-01-01
999,3,E,54.1257577226,-2.15450839901,2016-01-01
532,3,W,52.8581697645,-3.48666471904,2016-01-01
446,3,W,52.3149503428,-3.76180428245,2016-01-01
1073,3,E,55.4738252478,-2.00155439868,2016-01-01
451,2,W,52.8540797931,-3.78356502464,2016-01-01
843,2,E,54.8432043892,-2.62439245231,2016-01-01
786,2,E,54.4828703738,-2.77323551587,2016-01-01
445,2,W,52.1352281395,-3.75470239513,2016-01-01
405,2,W,52.1329641205,-3.90072590219,2016-01-01
888,2,E,54.0351029217,-2.45953360517,2016-01-01
896,1,E,54.7540440153,-2.46764349095,2016-01-01
1072,1,E,55.383970065,-2.00155028084,2016-01-01
489,1,W,52.7663595971,-3.63175434446,2016-01-01
483,1,W,52.2271799962,-3.61190758707,2016-01-01
